"Comb";"Red. Comb";"Lambda";"SType";"Remarks"
"I";"I";"(\u.u)";"a -> a";""
"K";"K";"(\u v.u)";"a -> b -> a";""
"B";"B";"(\u v w.u (v w))";"(a -> b) -> (c -> a) -> c -> b";""
"C";"C";"(\u v w.u w v)";"(a -> b -> c) -> b -> a -> c";""
"W";"W";"(\u v.u v v)";"(a -> a -> b) -> a -> b";""
"K I";"K I";"(\u v.v)";"a -> b -> b";""
"K K";"K K";"(\u v w.v)";"a -> b -> c -> b";""
"K B";"K B";"(\u v w x.v (w x))";"a -> (b -> c) -> (d -> b) -> d -> c";""
"K C";"K C";"(\u v w x.v x w)";"a -> (b -> c -> d) -> c -> b -> d";""
"K W";"K W";"(\u v w.v w w)";"a -> (b -> b -> c) -> b -> c";""
"B I";"B I";"(\u v.u v)";"(a -> b) -> a -> b";""
"B K";"B K";"(\u v w.u v)";"(a -> b) -> a -> c -> b";""
"B B";"B B";"(\u v w x.u v (w x))";"(a -> b -> c) -> a -> (d -> b) -> d -> c";""
"B C";"B C";"(\u v w x.u v x w)";"(a -> b -> c -> d) -> a -> c -> b -> d";""
"B W";"B W";"(\u v w.u v w w)";"(a -> b -> b -> c) -> a -> b -> c";""
"C I";"C I";"(\u v.v u)";"a -> (a -> b) -> b";""
"C K";"C K";"(\u v.v)";"a -> b -> b";""
"C B";"C B";"(\u v w.v (u w))";"(a -> b) -> (b -> c) -> a -> c";""
"C C";"C C";"(\u v w.v w u)";"a -> (b -> a -> c) -> b -> c";""
"C W";"C W";"(\u v.v u u)";"a -> (a -> a -> b) -> b";""
"W I";"W I";"(\u.u u)";"Nothing";""
"W K";"W K";"(\u.u)";"a -> a";""
"W B";"W B";"(\u v.u (u v))";"(a -> b) -> c -> c";"  Red. Lambda (a -> a) -> a -> a"
"W C";"W C";"(\u v.u v u)";"Nothing";""
"W W";"W W";"(\u.u u u)";"Nothing";""
"K (K I)";"K (K I)";"(\u v w.w)";"a -> b -> c -> c";""
"K (K K)";"K (K K)";"(\u v w x.w)";"a -> b -> c -> d -> c";""
"K (K B)";"K (K B)";"(\u v w x y.w (x y))";"a -> b -> (c -> d) -> (e -> c) -> e -> d";""
"K (K C)";"K (K C)";"(\u v w x y.w y x)";"a -> b -> (c -> d -> e) -> d -> c -> e";""
"K (K W)";"K (K W)";"(\u v w x.w x x)";"a -> b -> (c -> c -> d) -> c -> d";""
"K (B I)";"K (B I)";"(\u v w.v w)";"a -> (b -> c) -> b -> c";""
"K (B K)";"K (B K)";"(\u v w x.v w)";"a -> (b -> c) -> b -> d -> c";""
"K (B B)";"K (B B)";"(\u v w x y.v w (x y))";"a -> (b -> c -> d) -> b -> (e -> c) -> e -> d";""
"K (B C)";"K (B C)";"(\u v w x y.v w y x)";"a -> (b -> c -> d -> e) -> b -> d -> c -> e";""
"K (B W)";"K (B W)";"(\u v w x.v w x x)";"a -> (b -> c -> c -> d) -> b -> c -> d";""
"K (C I)";"K (C I)";"(\u v w.w v)";"a -> b -> (b -> c) -> c";""
"K (C K)";"K (C K)";"(\u v w.w)";"a -> b -> c -> c";""
"K (C B)";"K (C B)";"(\u v w x.w (v x))";"a -> (b -> c) -> (c -> d) -> b -> d";""
"K (C C)";"K (C C)";"(\u v w x.w x v)";"a -> b -> (c -> b -> d) -> c -> d";""
"K (C W)";"K (C W)";"(\u v w.w v v)";"a -> b -> (b -> b -> c) -> c";""
"K (W I)";"K (W I)";"(\u v.v v)";"Nothing";""
"K (W K)";"K (W K)";"(\u v.v)";"a -> b -> b";""
"K (W B)";"K (W B)";"(\u v w.v (v w))";"a -> (b -> c) -> d -> d";"  Red. Lambda a -> (b -> b) -> b -> b"
"K (W C)";"K (W C)";"(\u v w.v w v)";"Nothing";""
"K (W W)";"K (W W)";"(\u v.v v v)";"Nothing";""
"B I I";"B I I";"(\u.u)";"a -> a";""
"B I K";"B I K";"(\u v.u)";"a -> b -> a";""
"B I B";"B I B";"(\u v w.u (v w))";"(a -> b) -> (c -> a) -> c -> b";""
"B I C";"B I C";"(\u v w.u w v)";"(a -> b -> c) -> b -> a -> c";""
"B I W";"B I W";"(\u v.u v v)";"(a -> a -> b) -> a -> b";""
"B K I";"B K I";"(\u v.u)";"a -> b -> a";""
"B (K I)";"B (K I)";"(\u v w.w)";"(a -> b) -> a -> c -> c";"  Red. Lambda a -> b -> c -> c"
"B K K";"B K K";"(\u v w.u)";"a -> b -> c -> a";""
"B (K K)";"B (K K)";"(\u v w x.w)";"(a -> b) -> a -> c -> d -> c";"  Red. Lambda a -> b -> c -> d -> c"
"B K B";"B K B";"(\u v w x.u (w x))";"(a -> b) -> c -> (d -> a) -> d -> b";""
"B (K B)";"B (K B)";"(\u v w x y.w (x y))";"(a -> b) -> a -> (c -> d) -> (e -> c) -> e -> d";"  Red. Lambda a -> b -> (c -> d) -> (e -> c) -> e -> d"
"B K C";"B K C";"(\u v w x.u x w)";"(a -> b -> c) -> d -> b -> a -> c";""
"B (K C)";"B (K C)";"(\u v w x y.w y x)";"(a -> b) -> a -> (c -> d -> e) -> d -> c -> e";"  Red. Lambda a -> b -> (c -> d -> e) -> d -> c -> e"
"B K W";"B K W";"(\u v w.u w w)";"(a -> a -> b) -> c -> a -> b";""
"B (K W)";"B (K W)";"(\u v w x.w x x)";"(a -> b) -> a -> (c -> c -> d) -> c -> d";"  Red. Lambda a -> b -> (c -> c -> d) -> c -> d"
"B B I";"B B I";"(\u v w.u (v w))";"(a -> b) -> (c -> a) -> c -> b";""
"B (B I)";"B (B I)";"(\u v w.u v w)";"(a -> b -> c) -> a -> b -> c";""
"B B K";"B B K";"(\u v w.u)";"a -> (b -> c) -> b -> a";"  Red. Lambda a -> b -> c -> a"
"B (B K)";"B (B K)";"(\u v w x.u v w)";"(a -> b -> c) -> a -> b -> d -> c";""
"B B B";"B B B";"(\u v w x.u (v w x))";"(a -> b) -> (c -> d -> a) -> c -> d -> b";""
"B (B B)";"B (B B)";"(\u v w x y.u v w (x y))";"(a -> b -> c -> d) -> a -> b -> (e -> c) -> e -> d";""
"B B C";"B B C";"(\u v w x.u x (v w))";"(a -> b -> c) -> (d -> b) -> d -> a -> c";""
"B (B C)";"B (B C)";"(\u v w x y.u v w y x)";"(a -> b -> c -> d -> e) -> a -> b -> d -> c -> e";""
"B B W";"B B W";"(\u v w.u (v w) (v w))";"(a -> a -> b) -> (c -> a) -> c -> b";""
"B (B W)";"B (B W)";"(\u v w x.u v w x x)";"(a -> b -> c -> c -> d) -> a -> b -> c -> d";""
"B C I";"B C I";"(\u v w.u w v)";"(a -> b -> c) -> b -> a -> c";""
"B (C I)";"B (C I)";"(\u v w.w (u v))";"(a -> b) -> a -> (b -> c) -> c";""
"B C K";"B C K";"(\u v w.u v)";"(a -> b) -> a -> c -> b";""
"B (C K)";"B (C K)";"(\u v w.w)";"(a -> b) -> a -> c -> c";"  Red. Lambda a -> b -> c -> c"
"B C B";"B C B";"(\u v w.u (w v))";"(a -> b) -> c -> (c -> a) -> b";""
"B (C B)";"B (C B)";"(\u v w x.w (u v x))";"(a -> b -> c) -> a -> (c -> d) -> b -> d";""
"B C C";"B C C";"(\u v w.u v w)";"(a -> b -> c) -> a -> b -> c";""
"B (C C)";"B (C C)";"(\u v w x.w x (u v))";"(a -> b) -> a -> (c -> b -> d) -> c -> d";""
"B C W";"B C W";"(\u v w.u w w v)";"(a -> a -> b) -> c -> a -> d";"  Red. Lambda (a -> a -> b -> c) -> b -> a -> c"
"B (C W)";"B (C W)";"(\u v w.w (u v) (u v))";"(a -> b) -> a -> (b -> b -> c) -> c";""
"B W I";"B W I";"(\u v.u v v)";"(a -> a -> b) -> a -> b";""
"B (W I)";"B (W I)";"(\u v.u v (u v))";"Nothing";""
"B W K";"B W K";"(\u v.u v)";"(a -> b) -> a -> b";""
"B (W K)";"B (W K)";"(\u v.u v)";"(a -> b) -> a -> b";""
"B W B";"B W B";"(\u v.u (v v))";"Nothing";""
"B (W B)";"B (W B)";"(\u v w.u v (u v w))";"(a -> b -> c) -> a -> d -> d";"  Red. Lambda (a -> b -> b) -> a -> b -> b"
"B W C";"B W C";"(\u v.u v v)";"(a -> b -> c) -> a -> c";"  Red. Lambda (a -> a -> b) -> a -> b"
"B (W C)";"B (W C)";"(\u v w.u v w (u v))";"Nothing";""
"B W W";"B W W";"(\u v.u v v v)";"(a -> a -> b) -> a -> c";"  Red. Lambda (a -> a -> a -> b) -> a -> b"
"B (W W)";"B (W W)";"(\u v.u v (u v) (u v))";"Nothing";""
"C I I";"C I I";"(\u.u (\v.v))";"((a -> a) -> b) -> b";""
"C I K";"C I K";"(\u.u (\v w.v))";"((a -> b -> a) -> c) -> c";""
"C I B";"C I B";"(\u.u (\v w x.v (w x)))";"(((a -> b) -> (c -> a) -> c -> b) -> d) -> d";""
"C I C";"C I C";"(\u.u (\v w x.v x w))";"(((a -> b -> c) -> b -> a -> c) -> d) -> d";""
"C I W";"C I W";"(\u.u (\v w.v w w))";"(((a -> a -> b) -> a -> b) -> c) -> c";""
"C K I";"C K I";"(\u.u)";"a -> a";""
"C (K I)";"C (K I)";"(\u v.u)";"a -> b -> a";""
"C K K";"C K K";"(\u.u)";"a -> a";""
"C (K K)";"C (K K)";"(\u v w.u)";"a -> b -> c -> a";""
"C K B";"C K B";"(\u.u)";"a -> a";""
"C (K B)";"C (K B)";"(\u v w x.u (w x))";"(a -> b) -> c -> (d -> a) -> d -> b";""
"C K C";"C K C";"(\u.u)";"a -> a";""
"C (K C)";"C (K C)";"(\u v w x.u x w)";"(a -> b -> c) -> d -> b -> a -> c";""
"C K W";"C K W";"(\u.u)";"a -> a";""
"C (K W)";"C (K W)";"(\u v w.u w w)";"(a -> a -> b) -> c -> a -> b";""
"C B I";"C B I";"(\u v.u v)";"(a -> b) -> a -> b";""
"C (B I)";"C (B I)";"(\u v.v u)";"a -> (a -> b) -> b";""
"C B K";"C B K";"(\u v.u (\w.v))";"((a -> b) -> c) -> b -> c";""
"C (B K)";"C (B K)";"(\u v w.v u)";"a -> (a -> b) -> c -> b";""
"C B B";"C B B";"(\u v.u (\w x.v (w x)))";"(((a -> b) -> a -> c) -> d) -> (b -> c) -> d";""
"C (B B)";"C (B B)";"(\u v w x.v u (w x))";"a -> (a -> b -> c) -> (d -> b) -> d -> c";""
"C B C";"C B C";"(\u v.u (\w x.v x w))";"((a -> b -> c) -> d) -> (b -> a -> c) -> d";""
"C (B C)";"C (B C)";"(\u v w x.v u x w)";"a -> (a -> b -> c -> d) -> c -> b -> d";""
"C B W";"C B W";"(\u v.u (\w.v w w))";"((a -> b) -> c) -> (a -> a -> b) -> c";""
"C (B W)";"C (B W)";"(\u v w.v u w w)";"a -> (a -> b -> b -> c) -> b -> c";""
"C C I";"C C I";"(\u v.u v (\w.w))";"(a -> (b -> b) -> c) -> a -> c";""
"C (C I)";"C (C I)";"(\u v.u v)";"(a -> b) -> a -> b";""
"C C K";"C C K";"(\u v.u v (\w x.w))";"(a -> (b -> c -> b) -> d) -> a -> d";""
"C (C K)";"C (C K)";"(\u v.u)";"a -> b -> a";""
"C C B";"C C B";"(\u v.u v (\w x y.w (x y)))";"(a -> ((b -> c) -> (d -> b) -> d -> c) -> e) -> a -> e";""
"C (C B)";"C (C B)";"(\u v w.u (v w))";"(a -> b) -> (c -> a) -> c -> b";""
"C C C";"C C C";"(\u v.u v (\w x y.w y x))";"(a -> ((b -> c -> d) -> c -> b -> d) -> e) -> a -> e";""
"C (C C)";"C (C C)";"(\u v w.u w v)";"(a -> b -> c) -> b -> a -> c";""
"C C W";"C C W";"(\u v.u v (\w x.w x x))";"(a -> ((b -> b -> c) -> b -> c) -> d) -> a -> d";""
"C (C W)";"C (C W)";"(\u v.u v v)";"(a -> a -> b) -> a -> b";""
"C W I";"C W I";"(\u.u (\v.v) (\v.v))";"((a -> a) -> (a -> a) -> b) -> b";"  Red. Lambda ((a -> a) -> (b -> b) -> c) -> c"
"C (W I)";"C (W I)";"(\u v.v v u)";"Nothing";""
"C W K";"C W K";"(\u.u (\v w.v) (\v w.v))";"((a -> b -> a) -> (a -> b -> a) -> c) -> c";"  Red. Lambda ((a -> b -> a) -> (c -> d -> c) -> e) -> e"
"C (W K)";"C (W K)";"(\u v.v u)";"a -> (a -> b) -> b";""
"C W B";"C W B";"(\u.u (\v w x.v (w x)) (\v w x.v (w x)))";"(((a -> b) -> (c -> a) -> c -> b)
 ->
 ((a -> b) -> (c -> a) -> c -> b) -> d)
->
d";"  Red. Lambda (((a -> b) -> (c -> a) -> c -> b)
 ->
 ((d -> e) -> (f -> d) -> f -> e) -> g)
->
g"
"C (W B)";"C (W B)";"(\u v.v (v u))";"a -> (b -> c) -> a";"  Red. Lambda a -> (a -> a) -> a"
"C W C";"C W C";"(\u.u (\v w x.v x w) (\v w x.v x w))";"(((a -> b -> c) -> b -> a -> c)
 ->
 ((a -> b -> c) -> b -> a -> c) -> d)
->
d";"  Red. Lambda (((a -> b -> c) -> b -> a -> c)
 ->
 ((d -> e -> f) -> e -> d -> f) -> g)
->
g"
"C (W C)";"C (W C)";"(\u v.v u v)";"Nothing";""
"C W W";"C W W";"(\u.u (\v w.v w w) (\v w.v w w))";"(((a -> a -> b) -> a -> b) -> ((a -> a -> b) -> a -> b) -> c) -> c";"  Red. Lambda (((a -> a -> b) -> a -> b) -> ((c -> c -> d) -> c -> d) -> e) -> e"
"C (W W)";"C (W W)";"(\u v.v v v u)";"Nothing";""
"W (K I)";"W (K I)";"(\u.u)";"a -> a";""
"W (K K)";"W (K K)";"(\u v.u)";"a -> b -> a";""
"W (K B)";"W (K B)";"(\u v w.u (v w))";"(a -> b) -> (c -> a) -> c -> b";""
"W (K C)";"W (K C)";"(\u v w.u w v)";"(a -> b -> c) -> b -> a -> c";""
"W (K W)";"W (K W)";"(\u v.u v v)";"(a -> a -> b) -> a -> b";""
"W (B I)";"W (B I)";"(\u.u u)";"Nothing";""
"W (B K)";"W (B K)";"(\u v.u u)";"Nothing";""
"W (B B)";"W (B B)";"(\u v w.u u (v w))";"Nothing";""
"W (B C)";"W (B C)";"(\u v w.u u w v)";"Nothing";""
"W (B W)";"W (B W)";"(\u v.u u v v)";"Nothing";""
"W (C I)";"W (C I)";"(\u.u u)";"Nothing";""
"W (C K)";"W (C K)";"(\u.u)";"a -> a";""
"W (C B)";"W (C B)";"(\u v.u (u v))";"(a -> b) -> c -> c";"  Red. Lambda (a -> a) -> a -> a"
"W (C C)";"W (C C)";"(\u v.u v u)";"Nothing";""
"W (C W)";"W (C W)";"(\u.u u u)";"Nothing";""
"W (W I)";"W (W I)";"(\u.u u u)";"Nothing";""
"W (W K)";"W (W K)";"(\u.u u)";"Nothing";""
"W (W B)";"W (W B)";"(\u.u (u u))";"(a -> b) -> a -> b";"  Red. Lambda Nothing"
"W (W C)";"W (W C)";"(\u.u u u)";"Nothing";""
"W W W";"";"";"Nothing";"Reduce failed"
"W (W W)";"W (W W)";"(\u.u u u u)";"Nothing";""
"I W W W";"";"";"Nothing";"Reduce failed"
"I (W W) W";"";"";"Nothing";"Reduce failed"
"I (W W W)";"";"";"Nothing";"Reduce failed"
"K (K (K I))";"K (K (K I))";"(\u v w x.x)";"a -> b -> c -> d -> d";""
"K (K (K K))";"K (K (K K))";"(\u v w x y.x)";"a -> b -> c -> d -> e -> d";""
"K (K (K B))";"K (K (K B))";"(\u v w x y z.x (y z))";"a -> b -> c -> (d -> e) -> (f -> d) -> f -> e";""
"K (K (K C))";"K (K (K C))";"(\u v w x y z.x z y)";"a -> b -> c -> (d -> e -> f) -> e -> d -> f";""
"K (K (K W))";"K (K (K W))";"(\u v w x y.x y y)";"a -> b -> c -> (d -> d -> e) -> d -> e";""
"K (K (B I))";"K (K (B I))";"(\u v w x.w x)";"a -> b -> (c -> d) -> c -> d";""
"K (K (B K))";"K (K (B K))";"(\u v w x y.w x)";"a -> b -> (c -> d) -> c -> e -> d";""
"K (K (B B))";"K (K (B B))";"(\u v w x y z.w x (y z))";"a -> b -> (c -> d -> e) -> c -> (f -> d) -> f -> e";""
"K (K (B C))";"K (K (B C))";"(\u v w x y z.w x z y)";"a -> b -> (c -> d -> e -> f) -> c -> e -> d -> f";""
"K (K (B W))";"K (K (B W))";"(\u v w x y.w x y y)";"a -> b -> (c -> d -> d -> e) -> c -> d -> e";""
"K (K (C I))";"K (K (C I))";"(\u v w x.x w)";"a -> b -> c -> (c -> d) -> d";""
"K (K (C K))";"K (K (C K))";"(\u v w x.x)";"a -> b -> c -> d -> d";""
"K (K (C B))";"K (K (C B))";"(\u v w x y.x (w y))";"a -> b -> (c -> d) -> (d -> e) -> c -> e";""
"K (K (C C))";"K (K (C C))";"(\u v w x y.x y w)";"a -> b -> c -> (d -> c -> e) -> d -> e";""
"K (K (C W))";"K (K (C W))";"(\u v w x.x w w)";"a -> b -> c -> (c -> c -> d) -> d";""
"K (K (W I))";"K (K (W I))";"(\u v w.w w)";"Nothing";""
"K (K (W K))";"K (K (W K))";"(\u v w.w)";"a -> b -> c -> c";""
"K (K (W B))";"K (K (W B))";"(\u v w x.w (w x))";"a -> b -> (c -> d) -> e -> e";"  Red. Lambda a -> b -> (c -> c) -> c -> c"
"K (K (W C))";"K (K (W C))";"(\u v w x.w x w)";"Nothing";""
"K (K (W W))";"K (K (W W))";"(\u v w.w w w)";"Nothing";""
"K (B I I)";"K (B I I)";"(\u v.v)";"a -> b -> b";""
"K (B I K)";"K (B I K)";"(\u v w.v)";"a -> b -> c -> b";""
"K (B I B)";"K (B I B)";"(\u v w x.v (w x))";"a -> (b -> c) -> (d -> b) -> d -> c";""
"K (B I C)";"K (B I C)";"(\u v w x.v x w)";"a -> (b -> c -> d) -> c -> b -> d";""
"K (B I W)";"K (B I W)";"(\u v w.v w w)";"a -> (b -> b -> c) -> b -> c";""
"K (B K I)";"K (B K I)";"(\u v w.v)";"a -> b -> c -> b";""
"K (B (K I))";"K (B (K I))";"(\u v w x.x)";"a -> (b -> c) -> b -> d -> d";"  Red. Lambda a -> b -> c -> d -> d"
"K (B K K)";"K (B K K)";"(\u v w x.v)";"a -> b -> c -> d -> b";""
"K (B (K K))";"K (B (K K))";"(\u v w x y.x)";"a -> (b -> c) -> b -> d -> e -> d";"  Red. Lambda a -> b -> c -> d -> e -> d"
"K (B K B)";"K (B K B)";"(\u v w x y.v (x y))";"a -> (b -> c) -> d -> (e -> b) -> e -> c";""
"K (B (K B))";"K (B (K B))";"(\u v w x y z.x (y z))";"a -> (b -> c) -> b -> (d -> e) -> (f -> d) -> f -> e";"  Red. Lambda a -> b -> c -> (d -> e) -> (f -> d) -> f -> e"
"K (B K C)";"K (B K C)";"(\u v w x y.v y x)";"a -> (b -> c -> d) -> e -> c -> b -> d";""
"K (B (K C))";"K (B (K C))";"(\u v w x y z.x z y)";"a -> (b -> c) -> b -> (d -> e -> f) -> e -> d -> f";"  Red. Lambda a -> b -> c -> (d -> e -> f) -> e -> d -> f"
"K (B K W)";"K (B K W)";"(\u v w x.v x x)";"a -> (b -> b -> c) -> d -> b -> c";""
"K (B (K W))";"K (B (K W))";"(\u v w x y.x y y)";"a -> (b -> c) -> b -> (d -> d -> e) -> d -> e";"  Red. Lambda a -> b -> c -> (d -> d -> e) -> d -> e"
"K (B B I)";"K (B B I)";"(\u v w x.v (w x))";"a -> (b -> c) -> (d -> b) -> d -> c";""
"K (B (B I))";"K (B (B I))";"(\u v w x.v w x)";"a -> (b -> c -> d) -> b -> c -> d";""
"K (B B K)";"K (B B K)";"(\u v w x.v)";"a -> b -> (c -> d) -> c -> b";"  Red. Lambda a -> b -> c -> d -> b"
"K (B (B K))";"K (B (B K))";"(\u v w x y.v w x)";"a -> (b -> c -> d) -> b -> c -> e -> d";""
"K (B B B)";"K (B B B)";"(\u v w x y.v (w x y))";"a -> (b -> c) -> (d -> e -> b) -> d -> e -> c";""
"K (B (B B))";"K (B (B B))";"(\u v w x y z.v w x (y z))";"a -> (b -> c -> d -> e) -> b -> c -> (f -> d) -> f -> e";""
"K (B B C)";"K (B B C)";"(\u v w x y.v y (w x))";"a -> (b -> c -> d) -> (e -> c) -> e -> b -> d";""
"K (B (B C))";"K (B (B C))";"(\u v w x y z.v w x z y)";"a -> (b -> c -> d -> e -> f) -> b -> c -> e -> d -> f";""
"K (B B W)";"K (B B W)";"(\u v w x.v (w x) (w x))";"a -> (b -> b -> c) -> (d -> b) -> d -> c";""
"K (B (B W))";"K (B (B W))";"(\u v w x y.v w x y y)";"a -> (b -> c -> d -> d -> e) -> b -> c -> d -> e";""
"K (B C I)";"K (B C I)";"(\u v w x.v x w)";"a -> (b -> c -> d) -> c -> b -> d";""
"K (B (C I))";"K (B (C I))";"(\u v w x.x (v w))";"a -> (b -> c) -> b -> (c -> d) -> d";""
"K (B C K)";"K (B C K)";"(\u v w x.v w)";"a -> (b -> c) -> b -> d -> c";""
"K (B (C K))";"K (B (C K))";"(\u v w x.x)";"a -> (b -> c) -> b -> d -> d";"  Red. Lambda a -> b -> c -> d -> d"
"K (B C B)";"K (B C B)";"(\u v w x.v (x w))";"a -> (b -> c) -> d -> (d -> b) -> c";""
"K (B (C B))";"K (B (C B))";"(\u v w x y.x (v w y))";"a -> (b -> c -> d) -> b -> (d -> e) -> c -> e";""
"K (B C C)";"K (B C C)";"(\u v w x.v w x)";"a -> (b -> c -> d) -> b -> c -> d";""
"K (B (C C))";"K (B (C C))";"(\u v w x y.x y (v w))";"a -> (b -> c) -> b -> (d -> c -> e) -> d -> e";""
"K (B C W)";"K (B C W)";"(\u v w x.v x x w)";"a -> (b -> b -> c) -> d -> b -> e";"  Red. Lambda a -> (b -> b -> c -> d) -> c -> b -> d"
"K (B (C W))";"K (B (C W))";"(\u v w x.x (v w) (v w))";"a -> (b -> c) -> b -> (c -> c -> d) -> d";""
"K (B W I)";"K (B W I)";"(\u v w.v w w)";"a -> (b -> b -> c) -> b -> c";""
"K (B (W I))";"K (B (W I))";"(\u v w.v w (v w))";"Nothing";""
"K (B W K)";"K (B W K)";"(\u v w.v w)";"a -> (b -> c) -> b -> c";""
"K (B (W K))";"K (B (W K))";"(\u v w.v w)";"a -> (b -> c) -> b -> c";""
"K (B W B)";"K (B W B)";"(\u v w.v (w w))";"Nothing";""
"K (B (W B))";"K (B (W B))";"(\u v w x.v w (v w x))";"a -> (b -> c -> d) -> b -> e -> e";"  Red. Lambda a -> (b -> c -> c) -> b -> c -> c"
"K (B W C)";"K (B W C)";"(\u v w.v w w)";"a -> (b -> c -> d) -> b -> d";"  Red. Lambda a -> (b -> b -> c) -> b -> c"
"K (B (W C))";"K (B (W C))";"(\u v w x.v w x (v w))";"Nothing";""
"K (B W W)";"K (B W W)";"(\u v w.v w w w)";"a -> (b -> b -> c) -> b -> d";"  Red. Lambda a -> (b -> b -> b -> c) -> b -> c"
"K (B (W W))";"K (B (W W))";"(\u v w.v w (v w) (v w))";"Nothing";""
"K (C I I)";"K (C I I)";"(\u v.v (\w.w))";"a -> ((b -> b) -> c) -> c";""
"K (C I K)";"K (C I K)";"(\u v.v (\w x.w))";"a -> ((b -> c -> b) -> d) -> d";""
"K (C I B)";"K (C I B)";"(\u v.v (\w x y.w (x y)))";"a -> (((b -> c) -> (d -> b) -> d -> c) -> e) -> e";""
"K (C I C)";"K (C I C)";"(\u v.v (\w x y.w y x))";"a -> (((b -> c -> d) -> c -> b -> d) -> e) -> e";""
"K (C I W)";"K (C I W)";"(\u v.v (\w x.w x x))";"a -> (((b -> b -> c) -> b -> c) -> d) -> d";""
"K (C K I)";"K (C K I)";"(\u v.v)";"a -> b -> b";""
"K (C (K I))";"K (C (K I))";"(\u v w.v)";"a -> b -> c -> b";""
"K (C K K)";"K (C K K)";"(\u v.v)";"a -> b -> b";""
"K (C (K K))";"K (C (K K))";"(\u v w x.v)";"a -> b -> c -> d -> b";""
"K (C K B)";"K (C K B)";"(\u v.v)";"a -> b -> b";""
"K (C (K B))";"K (C (K B))";"(\u v w x y.v (x y))";"a -> (b -> c) -> d -> (e -> b) -> e -> c";""
"K (C K C)";"K (C K C)";"(\u v.v)";"a -> b -> b";""
"K (C (K C))";"K (C (K C))";"(\u v w x y.v y x)";"a -> (b -> c -> d) -> e -> c -> b -> d";""
"K (C K W)";"K (C K W)";"(\u v.v)";"a -> b -> b";""
"K (C (K W))";"K (C (K W))";"(\u v w x.v x x)";"a -> (b -> b -> c) -> d -> b -> c";""
"K (C B I)";"K (C B I)";"(\u v w.v w)";"a -> (b -> c) -> b -> c";""
"K (C (B I))";"K (C (B I))";"(\u v w.w v)";"a -> b -> (b -> c) -> c";""
"K (C B K)";"K (C B K)";"(\u v w.v (\x.w))";"a -> ((b -> c) -> d) -> c -> d";""
"K (C (B K))";"K (C (B K))";"(\u v w x.w v)";"a -> b -> (b -> c) -> d -> c";""
"K (C B B)";"K (C B B)";"(\u v w.v (\x y.w (x y)))";"a -> (((b -> c) -> b -> d) -> e) -> (c -> d) -> e";""
"K (C (B B))";"K (C (B B))";"(\u v w x y.w v (x y))";"a -> b -> (b -> c -> d) -> (e -> c) -> e -> d";""
"K (C B C)";"K (C B C)";"(\u v w.v (\x y.w y x))";"a -> ((b -> c -> d) -> e) -> (c -> b -> d) -> e";""
"K (C (B C))";"K (C (B C))";"(\u v w x y.w v y x)";"a -> b -> (b -> c -> d -> e) -> d -> c -> e";""
"K (C B W)";"K (C B W)";"(\u v w.v (\x.w x x))";"a -> ((b -> c) -> d) -> (b -> b -> c) -> d";""
"K (C (B W))";"K (C (B W))";"(\u v w x.w v x x)";"a -> b -> (b -> c -> c -> d) -> c -> d";""
"K (C C I)";"K (C C I)";"(\u v w.v w (\x.x))";"a -> (b -> (c -> c) -> d) -> b -> d";""
"K (C (C I))";"K (C (C I))";"(\u v w.v w)";"a -> (b -> c) -> b -> c";""
"K (C C K)";"K (C C K)";"(\u v w.v w (\x y.x))";"a -> (b -> (c -> d -> c) -> e) -> b -> e";""
"K (C (C K))";"K (C (C K))";"(\u v w.v)";"a -> b -> c -> b";""
"K (C C B)";"K (C C B)";"(\u v w.v w (\x y z.x (y z)))";"a -> (b -> ((c -> d) -> (e -> c) -> e -> d) -> f) -> b -> f";""
"K (C (C B))";"K (C (C B))";"(\u v w x.v (w x))";"a -> (b -> c) -> (d -> b) -> d -> c";""
"K (C C C)";"K (C C C)";"(\u v w.v w (\x y z.x z y))";"a -> (b -> ((c -> d -> e) -> d -> c -> e) -> f) -> b -> f";""
"K (C (C C))";"K (C (C C))";"(\u v w x.v x w)";"a -> (b -> c -> d) -> c -> b -> d";""
"K (C C W)";"K (C C W)";"(\u v w.v w (\x y.x y y))";"a -> (b -> ((c -> c -> d) -> c -> d) -> e) -> b -> e";""
"K (C (C W))";"K (C (C W))";"(\u v w.v w w)";"a -> (b -> b -> c) -> b -> c";""
"K (C W I)";"K (C W I)";"(\u v.v (\w.w) (\w.w))";"a -> ((b -> b) -> (b -> b) -> c) -> c";"  Red. Lambda a -> ((b -> b) -> (c -> c) -> d) -> d"
"K (C (W I))";"K (C (W I))";"(\u v w.w w v)";"Nothing";""
"K (C W K)";"K (C W K)";"(\u v.v (\w x.w) (\w x.w))";"a -> ((b -> c -> b) -> (b -> c -> b) -> d) -> d";"  Red. Lambda a -> ((b -> c -> b) -> (d -> e -> d) -> f) -> f"
"K (C (W K))";"K (C (W K))";"(\u v w.w v)";"a -> b -> (b -> c) -> c";""
"K (C W B)";"K (C W B)";"(\u v.v (\w x y.w (x y)) (\w x y.w (x y)))";"a
->
(((b -> c) -> (d -> b) -> d -> c)
 ->
 ((b -> c) -> (d -> b) -> d -> c) -> e)
->
e";"  Red. Lambda a
->
(((b -> c) -> (d -> b) -> d -> c)
 ->
 ((e -> f) -> (g -> e) -> g -> f) -> a1)
->
a1"
"K (C (W B))";"K (C (W B))";"(\u v w.w (w v))";"a -> b -> (c -> d) -> b";"  Red. Lambda a -> b -> (b -> b) -> b"
"K (C W C)";"K (C W C)";"(\u v.v (\w x y.w y x) (\w x y.w y x))";"a
->
(((b -> c -> d) -> c -> b -> d)
 ->
 ((b -> c -> d) -> c -> b -> d) -> e)
->
e";"  Red. Lambda a
->
(((b -> c -> d) -> c -> b -> d)
 ->
 ((e -> f -> g) -> f -> e -> g) -> a1)
->
a1"
"K (C (W C))";"K (C (W C))";"(\u v w.w v w)";"Nothing";""
"K (C W W)";"K (C W W)";"(\u v.v (\w x.w x x) (\w x.w x x))";"a
->
(((b -> b -> c) -> b -> c) -> ((b -> b -> c) -> b -> c) -> d) -> d";"  Red. Lambda a
->
(((b -> b -> c) -> b -> c) -> ((d -> d -> e) -> d -> e) -> f) -> f"
"K (C (W W))";"K (C (W W))";"(\u v w.w w w v)";"Nothing";""
"K (W (K I))";"K (W (K I))";"(\u v.v)";"a -> b -> b";""
"K (W (K K))";"K (W (K K))";"(\u v w.v)";"a -> b -> c -> b";""
"K (W (K B))";"K (W (K B))";"(\u v w x.v (w x))";"a -> (b -> c) -> (d -> b) -> d -> c";""
"K (W (K C))";"K (W (K C))";"(\u v w x.v x w)";"a -> (b -> c -> d) -> c -> b -> d";""
"K (W (K W))";"K (W (K W))";"(\u v w.v w w)";"a -> (b -> b -> c) -> b -> c";""
"K (W (B I))";"K (W (B I))";"(\u v.v v)";"Nothing";""
"K (W (B K))";"K (W (B K))";"(\u v w.v v)";"Nothing";""
"K (W (B B))";"K (W (B B))";"(\u v w x.v v (w x))";"Nothing";""
"K (W (B C))";"K (W (B C))";"(\u v w x.v v x w)";"Nothing";""
"K (W (B W))";"K (W (B W))";"(\u v w.v v w w)";"Nothing";""
"K (W (C I))";"K (W (C I))";"(\u v.v v)";"Nothing";""
"K (W (C K))";"K (W (C K))";"(\u v.v)";"a -> b -> b";""
"K (W (C B))";"K (W (C B))";"(\u v w.v (v w))";"a -> (b -> c) -> d -> d";"  Red. Lambda a -> (b -> b) -> b -> b"
"K (W (C C))";"K (W (C C))";"(\u v w.v w v)";"Nothing";""
"K (W (C W))";"K (W (C W))";"(\u v.v v v)";"Nothing";""
"K (W (W I))";"K (W (W I))";"(\u v.v v v)";"Nothing";""
"K (W (W K))";"K (W (W K))";"(\u v.v v)";"Nothing";""
"K (W (W B))";"K (W (W B))";"(\u v.v (v v))";"a -> (b -> c) -> b -> c";"  Red. Lambda Nothing"
"K (W (W C))";"K (W (W C))";"(\u v.v v v)";"Nothing";""
"K (W W W)";"";"";"Nothing";"Reduce failed"
"K (W (W W))";"K (W (W W))";"(\u v.v v v v)";"Nothing";""
"B I (K I)";"B I (K I)";"(\u v.v)";"a -> b -> b";""
"B I (K K)";"B I (K K)";"(\u v w.v)";"a -> b -> c -> b";""
"B I (K B)";"B I (K B)";"(\u v w x.v (w x))";"a -> (b -> c) -> (d -> b) -> d -> c";""
"B I (K C)";"B I (K C)";"(\u v w x.v x w)";"a -> (b -> c -> d) -> c -> b -> d";""
"B I (K W)";"B I (K W)";"(\u v w.v w w)";"a -> (b -> b -> c) -> b -> c";""
"B I (B I)";"B I (B I)";"(\u v.u v)";"(a -> b) -> a -> b";""
"B I (B K)";"B I (B K)";"(\u v w.u v)";"(a -> b) -> a -> c -> b";""
"B I (B B)";"B I (B B)";"(\u v w x.u v (w x))";"(a -> b -> c) -> a -> (d -> b) -> d -> c";""
"B I (B C)";"B I (B C)";"(\u v w x.u v x w)";"(a -> b -> c -> d) -> a -> c -> b -> d";""
"B I (B W)";"B I (B W)";"(\u v w.u v w w)";"(a -> b -> b -> c) -> a -> b -> c";""
"B I (C I)";"B I (C I)";"(\u v.v u)";"a -> (a -> b) -> b";""
"B I (C K)";"B I (C K)";"(\u v.v)";"a -> b -> b";""
"B I (C B)";"B I (C B)";"(\u v w.v (u w))";"(a -> b) -> (b -> c) -> a -> c";""
"B I (C C)";"B I (C C)";"(\u v w.v w u)";"a -> (b -> a -> c) -> b -> c";""
"B I (C W)";"B I (C W)";"(\u v.v u u)";"a -> (a -> a -> b) -> b";""
"B I (W I)";"B I (W I)";"(\u.u u)";"Nothing";""
"B I (W K)";"B I (W K)";"(\u.u)";"a -> a";""
"B I (W B)";"B I (W B)";"(\u v.u (u v))";"(a -> b) -> c -> c";"  Red. Lambda (a -> a) -> a -> a"
"B I (W C)";"B I (W C)";"(\u v.u v u)";"Nothing";""
"B I (W W)";"B I (W W)";"(\u.u u u)";"Nothing";""
"B (K I) I";"B (K I) I";"(\u v.v)";"a -> b -> b";""
"B (K I) K";"B (K I) K";"(\u v.v)";"a -> b -> b";""
"B (K I) B";"B (K I) B";"(\u v.v)";"(a -> b) -> c -> c";"  Red. Lambda a -> b -> b"
"B (K I) C";"B (K I) C";"(\u v.v)";"(a -> b -> c) -> d -> d";"  Red. Lambda a -> b -> b"
"B (K I) W";"B (K I) W";"(\u v.v)";"(a -> a -> b) -> c -> c";"  Red. Lambda a -> b -> b"
"B (K K) I";"B (K K) I";"(\u v w.v)";"a -> b -> c -> b";""
"B K (K I)";"B K (K I)";"(\u v w.w)";"a -> b -> c -> c";""
"B (K (K I))";"B (K (K I))";"(\u v w x.x)";"(a -> b) -> a -> c -> d -> d";"  Red. Lambda a -> b -> c -> d -> d"
"B (K K) K";"B (K K) K";"(\u v w.v)";"a -> b -> c -> b";""
"B K (K K)";"B K (K K)";"(\u v w x.w)";"a -> b -> c -> d -> c";""
"B (K (K K))";"B (K (K K))";"(\u v w x y.x)";"(a -> b) -> a -> c -> d -> e -> d";"  Red. Lambda a -> b -> c -> d -> e -> d"
"B (K K) B";"B (K K) B";"(\u v w.v)";"(a -> b) -> c -> d -> c";"  Red. Lambda a -> b -> c -> b"
"B K (K B)";"B K (K B)";"(\u v w x y.w (x y))";"a -> b -> (c -> d) -> (e -> c) -> e -> d";""
"B (K (K B))";"B (K (K B))";"(\u v w x y z.x (y z))";"(a -> b) -> a -> c -> (d -> e) -> (f -> d) -> f -> e";"  Red. Lambda a -> b -> c -> (d -> e) -> (f -> d) -> f -> e"
"B (K K) C";"B (K K) C";"(\u v w.v)";"(a -> b -> c) -> d -> e -> d";"  Red. Lambda a -> b -> c -> b"
"B K (K C)";"B K (K C)";"(\u v w x y.w y x)";"a -> b -> (c -> d -> e) -> d -> c -> e";""
"B (K (K C))";"B (K (K C))";"(\u v w x y z.x z y)";"(a -> b) -> a -> c -> (d -> e -> f) -> e -> d -> f";"  Red. Lambda a -> b -> c -> (d -> e -> f) -> e -> d -> f"
"B (K K) W";"B (K K) W";"(\u v w.v)";"(a -> a -> b) -> c -> d -> c";"  Red. Lambda a -> b -> c -> b"
"B K (K W)";"B K (K W)";"(\u v w x.w x x)";"a -> b -> (c -> c -> d) -> c -> d";""
"B (K (K W))";"B (K (K W))";"(\u v w x y.x y y)";"(a -> b) -> a -> c -> (d -> d -> e) -> d -> e";"  Red. Lambda a -> b -> c -> (d -> d -> e) -> d -> e"
"B (K B) I";"B (K B) I";"(\u v w x.v (w x))";"a -> (b -> c) -> (d -> b) -> d -> c";""
"B K (B I)";"B K (B I)";"(\u v w.u w)";"(a -> b) -> c -> a -> b";""
"B (K (B I))";"B (K (B I))";"(\u v w x.w x)";"(a -> b) -> a -> (c -> d) -> c -> d";"  Red. Lambda a -> b -> (c -> d) -> c -> d"
"B (K B) K";"B (K B) K";"(\u v w x.v (w x))";"a -> (b -> c) -> (d -> b) -> d -> c";""
"B K (B K)";"B K (B K)";"(\u v w x.u w)";"(a -> b) -> c -> a -> d -> b";""
"B (K (B K))";"B (K (B K))";"(\u v w x y.w x)";"(a -> b) -> a -> (c -> d) -> c -> e -> d";"  Red. Lambda a -> b -> (c -> d) -> c -> e -> d"
"B (K B) B";"B (K B) B";"(\u v w x.v (w x))";"(a -> b) -> (c -> d) -> (e -> c) -> e -> d";"  Red. Lambda a -> (b -> c) -> (d -> b) -> d -> c"
"B K (B B)";"B K (B B)";"(\u v w x y.u w (x y))";"(a -> b -> c) -> d -> a -> (e -> b) -> e -> c";""
"B (K (B B))";"B (K (B B))";"(\u v w x y z.w x (y z))";"(a -> b) -> a -> (c -> d -> e) -> c -> (f -> d) -> f -> e";"  Red. Lambda a -> b -> (c -> d -> e) -> c -> (f -> d) -> f -> e"
"B (K B) C";"B (K B) C";"(\u v w x.v (w x))";"(a -> b -> c) -> (d -> e) -> (f -> d) -> f -> e";"  Red. Lambda a -> (b -> c) -> (d -> b) -> d -> c"
"B K (B C)";"B K (B C)";"(\u v w x y.u w y x)";"(a -> b -> c -> d) -> e -> a -> c -> b -> d";""
"B (K (B C))";"B (K (B C))";"(\u v w x y z.w x z y)";"(a -> b) -> a -> (c -> d -> e -> f) -> c -> e -> d -> f";"  Red. Lambda a -> b -> (c -> d -> e -> f) -> c -> e -> d -> f"
"B (K B) W";"B (K B) W";"(\u v w x.v (w x))";"(a -> a -> b) -> (c -> d) -> (e -> c) -> e -> d";"  Red. Lambda a -> (b -> c) -> (d -> b) -> d -> c"
"B K (B W)";"B K (B W)";"(\u v w x.u w x x)";"(a -> b -> b -> c) -> d -> a -> b -> c";""
"B (K (B W))";"B (K (B W))";"(\u v w x y.w x y y)";"(a -> b) -> a -> (c -> d -> d -> e) -> c -> d -> e";"  Red. Lambda a -> b -> (c -> d -> d -> e) -> c -> d -> e"
"B (K C) I";"B (K C) I";"(\u v w x.v x w)";"a -> (b -> c -> d) -> c -> b -> d";""
"B K (C I)";"B K (C I)";"(\u v w.w u)";"a -> b -> (a -> c) -> c";""
"B (K (C I))";"B (K (C I))";"(\u v w x.x w)";"(a -> b) -> a -> c -> (c -> d) -> d";"  Red. Lambda a -> b -> c -> (c -> d) -> d"
"B (K C) K";"B (K C) K";"(\u v w x.v x w)";"a -> (b -> c -> d) -> c -> b -> d";""
"B K (C K)";"B K (C K)";"(\u v w.w)";"a -> b -> c -> c";""
"B (K (C K))";"B (K (C K))";"(\u v w x.x)";"(a -> b) -> a -> c -> d -> d";"  Red. Lambda a -> b -> c -> d -> d"
"B (K C) B";"B (K C) B";"(\u v w x.v x w)";"(a -> b) -> (c -> d -> e) -> d -> c -> e";"  Red. Lambda a -> (b -> c -> d) -> c -> b -> d"
"B K (C B)";"B K (C B)";"(\u v w x.w (u x))";"(a -> b) -> c -> (b -> d) -> a -> d";""
"B (K (C B))";"B (K (C B))";"(\u v w x y.x (w y))";"(a -> b) -> a -> (c -> d) -> (d -> e) -> c -> e";"  Red. Lambda a -> b -> (c -> d) -> (d -> e) -> c -> e"
"B (K C) C";"B (K C) C";"(\u v w x.v x w)";"(a -> b -> c) -> (d -> e -> f) -> e -> d -> f";"  Red. Lambda a -> (b -> c -> d) -> c -> b -> d"
"B K (C C)";"B K (C C)";"(\u v w x.w x u)";"a -> b -> (c -> a -> d) -> c -> d";""
"B (K (C C))";"B (K (C C))";"(\u v w x y.x y w)";"(a -> b) -> a -> c -> (d -> c -> e) -> d -> e";"  Red. Lambda a -> b -> c -> (d -> c -> e) -> d -> e"
"B (K C) W";"B (K C) W";"(\u v w x.v x w)";"(a -> a -> b) -> (c -> d -> e) -> d -> c -> e";"  Red. Lambda a -> (b -> c -> d) -> c -> b -> d"
"B K (C W)";"B K (C W)";"(\u v w.w u u)";"a -> b -> (a -> a -> c) -> c";""
"B (K (C W))";"B (K (C W))";"(\u v w x.x w w)";"(a -> b) -> a -> c -> (c -> c -> d) -> d";"  Red. Lambda a -> b -> c -> (c -> c -> d) -> d"
"B (K W) I";"B (K W) I";"(\u v w.v w w)";"a -> (b -> b -> c) -> b -> c";""
"B K (W I)";"B K (W I)";"(\u v.u u)";"Nothing";""
"B (K (W I))";"B (K (W I))";"(\u v w.w w)";"Nothing";""
"B (K W) K";"B (K W) K";"(\u v w.v w w)";"a -> (b -> b -> c) -> b -> c";""
"B K (W K)";"B K (W K)";"(\u v.u)";"a -> b -> a";""
"B (K (W K))";"B (K (W K))";"(\u v w.w)";"(a -> b) -> a -> c -> c";"  Red. Lambda a -> b -> c -> c"
"B (K W) B";"B (K W) B";"(\u v w.v w w)";"(a -> b) -> (c -> c -> d) -> c -> d";"  Red. Lambda a -> (b -> b -> c) -> b -> c"
"B K (W B)";"B K (W B)";"(\u v w.u (u w))";"(a -> b) -> c -> d -> d";"  Red. Lambda (a -> a) -> b -> a -> a"
"B (K (W B))";"B (K (W B))";"(\u v w x.w (w x))";"(a -> b) -> a -> (c -> d) -> e -> e";"  Red. Lambda a -> b -> (c -> c) -> c -> c"
"B (K W) C";"B (K W) C";"(\u v w.v w w)";"(a -> b -> c) -> (d -> d -> e) -> d -> e";"  Red. Lambda a -> (b -> b -> c) -> b -> c"
"B K (W C)";"B K (W C)";"(\u v w.u w u)";"Nothing";""
"B (K (W C))";"B (K (W C))";"(\u v w x.w x w)";"Nothing";""
"B (K W) W";"B (K W) W";"(\u v w.v w w)";"(a -> a -> b) -> (c -> c -> d) -> c -> d";"  Red. Lambda a -> (b -> b -> c) -> b -> c"
"B K (W W)";"B K (W W)";"(\u v.u u u)";"Nothing";""
"B (K (W W))";"B (K (W W))";"(\u v w.w w w)";"Nothing";""
"B (B I) I";"B (B I) I";"(\u v.u v)";"(a -> b) -> a -> b";""
"B (B I I)";"B (B I I)";"(\u v.u v)";"(a -> b) -> a -> b";""
"B (B I) K";"B (B I) K";"(\u v.u)";"a -> b -> a";""
"B (B I K)";"B (B I K)";"(\u v w.u v)";"(a -> b) -> a -> c -> b";""
"B (B I) B";"B (B I) B";"(\u v w.u (v w))";"(a -> b) -> (c -> a) -> c -> b";""
"B (B I B)";"B (B I B)";"(\u v w x.u v (w x))";"(a -> b -> c) -> a -> (d -> b) -> d -> c";""
"B (B I) C";"B (B I) C";"(\u v w.u w v)";"(a -> b -> c) -> b -> a -> c";""
"B (B I C)";"B (B I C)";"(\u v w x.u v x w)";"(a -> b -> c -> d) -> a -> c -> b -> d";""
"B (B I) W";"B (B I) W";"(\u v.u v v)";"(a -> a -> b) -> a -> b";""
"B (B I W)";"B (B I W)";"(\u v w.u v w w)";"(a -> b -> b -> c) -> a -> b -> c";""
"B (B K) I";"B (B K) I";"(\u v w.u v)";"(a -> b) -> a -> c -> b";""
"B B (K I)";"B B (K I)";"(\u v w.v w)";"a -> (b -> c) -> b -> c";""
"B (B K I)";"B (B K I)";"(\u v w.u v)";"(a -> b) -> a -> c -> b";""
"B (B (K I))";"B (B (K I))";"(\u v w x.x)";"(a -> b -> c) -> a -> b -> d -> d";"  Red. Lambda a -> b -> c -> d -> d"
"B (B K) K";"B (B K) K";"(\u v w.u)";"a -> b -> c -> a";""
"B B (K K)";"B B (K K)";"(\u v w x.v w)";"a -> (b -> c) -> b -> d -> c";""
"B (B K K)";"B (B K K)";"(\u v w x.u v)";"(a -> b) -> a -> c -> d -> b";""
"B (B (K K))";"B (B (K K))";"(\u v w x y.x)";"(a -> b -> c) -> a -> b -> d -> e -> d";"  Red. Lambda a -> b -> c -> d -> e -> d"
"B (B K) B";"B (B K) B";"(\u v w x.u (v x))";"(a -> b) -> (c -> a) -> d -> c -> b";""
"B B (K B)";"B B (K B)";"(\u v w x y.v w (x y))";"a -> (b -> c -> d) -> b -> (e -> c) -> e -> d";""
"B (B K B)";"B (B K B)";"(\u v w x y.u v (x y))";"(a -> b -> c) -> a -> d -> (e -> b) -> e -> c";""
"B (B (K B))";"B (B (K B))";"(\u v w x y z.x (y z))";"(a -> b -> c) -> a -> b -> (d -> e) -> (f -> d) -> f -> e";"  Red. Lambda a -> b -> c -> (d -> e) -> (f -> d) -> f -> e"
"B (B K) C";"B (B K) C";"(\u v w x.u x v)";"(a -> b -> c) -> b -> d -> a -> c";""
"B B (K C)";"B B (K C)";"(\u v w x y.v w y x)";"a -> (b -> c -> d -> e) -> b -> d -> c -> e";""
"B (B K C)";"B (B K C)";"(\u v w x y.u v y x)";"(a -> b -> c -> d) -> a -> e -> c -> b -> d";""
"B (B (K C))";"B (B (K C))";"(\u v w x y z.x z y)";"(a -> b -> c) -> a -> b -> (d -> e -> f) -> e -> d -> f";"  Red. Lambda a -> b -> c -> (d -> e -> f) -> e -> d -> f"
"B (B K) W";"B (B K) W";"(\u v w.u v v)";"(a -> a -> b) -> a -> c -> b";""
"B B (K W)";"B B (K W)";"(\u v w x.v w x x)";"a -> (b -> c -> c -> d) -> b -> c -> d";""
"B (B K W)";"B (B K W)";"(\u v w x.u v x x)";"(a -> b -> b -> c) -> a -> d -> b -> c";""
"B (B (K W))";"B (B (K W))";"(\u v w x y.x y y)";"(a -> b -> c) -> a -> b -> (d -> d -> e) -> d -> e";"  Red. Lambda a -> b -> c -> (d -> d -> e) -> d -> e"
"B (B B) I";"B (B B) I";"(\u v w x.u v (w x))";"(a -> b -> c) -> a -> (d -> b) -> d -> c";""
"B B (B I)";"B B (B I)";"(\u v w.u (v w))";"(a -> b) -> (c -> a) -> c -> b";""
"B (B B I)";"B (B B I)";"(\u v w x.u v (w x))";"(a -> b -> c) -> a -> (d -> b) -> d -> c";""
"B (B (B I))";"B (B (B I))";"(\u v w x.u v w x)";"(a -> b -> c -> d) -> a -> b -> c -> d";""
"B (B B) K";"B (B B) K";"(\u v w x.u (w x))";"(a -> b) -> c -> (d -> a) -> d -> b";""
"B B (B K)";"B B (B K)";"(\u v w x.u (v w))";"(a -> b) -> (c -> a) -> c -> d -> b";""
"B (B B K)";"B (B B K)";"(\u v w x.u v)";"(a -> b) -> a -> (c -> d) -> c -> b";"  Red. Lambda (a -> b) -> a -> c -> d -> b"
"B (B (B K))";"B (B (B K))";"(\u v w x y.u v w x)";"(a -> b -> c -> d) -> a -> b -> c -> e -> d";""
"B (B B) B";"B (B B) B";"(\u v w x.u (v (w x)))";"(a -> b) -> (c -> a) -> (d -> c) -> d -> b";""
"B B (B B)";"B B (B B)";"(\u v w x y.u (v w) (x y))";"(a -> b -> c) -> (d -> a) -> d -> (e -> b) -> e -> c";""
"B (B B B)";"B (B B B)";"(\u v w x y.u v (w x y))";"(a -> b -> c) -> a -> (d -> e -> b) -> d -> e -> c";""
"B (B (B B))";"B (B (B B))";"(\u v w x y z.u v w x (y z))";"(a -> b -> c -> d -> e) -> a -> b -> c -> (f -> d) -> f -> e";""
"B (B B) C";"B (B B) C";"(\u v w x.u (w x) v)";"(a -> b -> c) -> b -> (d -> a) -> d -> c";""
"B B (B C)";"B B (B C)";"(\u v w x y.u (v w) y x)";"(a -> b -> c -> d) -> (e -> a) -> e -> c -> b -> d";""
"B (B B C)";"B (B B C)";"(\u v w x y.u v y (w x))";"(a -> b -> c -> d) -> a -> (e -> c) -> e -> b -> d";""
"B (B (B C))";"B (B (B C))";"(\u v w x y z.u v w x z y)";"(a -> b -> c -> d -> e -> f) -> a -> b -> c -> e -> d -> f";""
"B (B B) W";"B (B B) W";"(\u v w x.u v v (w x))";"(a -> a -> b) -> a -> (c -> d) -> c -> e";"  Red. Lambda (a -> a -> b -> c) -> a -> (d -> b) -> d -> c"
"B B (B W)";"B B (B W)";"(\u v w x.u (v w) x x)";"(a -> b -> b -> c) -> (d -> a) -> d -> b -> c";""
"B (B B W)";"B (B B W)";"(\u v w x.u v (w x) (w x))";"(a -> b -> b -> c) -> a -> (d -> b) -> d -> c";""
"B (B (B W))";"B (B (B W))";"(\u v w x y.u v w x y y)";"(a -> b -> c -> d -> d -> e) -> a -> b -> c -> d -> e";""
"B (B C) I";"B (B C) I";"(\u v w x.u v x w)";"(a -> b -> c -> d) -> a -> c -> b -> d";""
"B B (C I)";"B B (C I)";"(\u v w.v w u)";"a -> (b -> a -> c) -> b -> c";""
"B (B C I)";"B (B C I)";"(\u v w x.u v x w)";"(a -> b -> c -> d) -> a -> c -> b -> d";""
"B (B (C I))";"B (B (C I))";"(\u v w x.x (u v w))";"(a -> b -> c) -> a -> b -> (c -> d) -> d";""
"B (B C) K";"B (B C) K";"(\u v w x.u x w)";"(a -> b -> c) -> d -> b -> a -> c";""
"B B (C K)";"B B (C K)";"(\u v w.v w)";"a -> (b -> c) -> b -> c";""
"B (B C K)";"B (B C K)";"(\u v w x.u v w)";"(a -> b -> c) -> a -> b -> d -> c";""
"B (B (C K))";"B (B (C K))";"(\u v w x.x)";"(a -> b -> c) -> a -> b -> d -> d";"  Red. Lambda a -> b -> c -> d -> d"
"B (B C) B";"B (B C) B";"(\u v w x.u (v x) w)";"(a -> b) -> (c -> a) -> d -> c -> e";"  Red. Lambda (a -> b -> c) -> (d -> a) -> b -> d -> c"
"B B (C B)";"B B (C B)";"(\u v w x.v w (u x))";"(a -> b) -> (c -> b -> d) -> c -> a -> d";""
"B (B C B)";"B (B C B)";"(\u v w x.u v (x w))";"(a -> b -> c) -> a -> d -> (d -> b) -> c";""
"B (B (C B))";"B (B (C B))";"(\u v w x y.x (u v w y))";"(a -> b -> c -> d) -> a -> b -> (d -> e) -> c -> e";""
"B (B C) C";"B (B C) C";"(\u v w x.u x v w)";"(a -> b -> c) -> b -> d -> a -> e";"  Red. Lambda (a -> b -> c -> d) -> b -> c -> a -> d"
"B B (C C)";"B B (C C)";"(\u v w x.v w x u)";"a -> (b -> c -> a -> d) -> b -> c -> d";""
"B (B C C)";"B (B C C)";"(\u v w x.u v w x)";"(a -> b -> c -> d) -> a -> b -> c -> d";""
"B (B (C C))";"B (B (C C))";"(\u v w x y.x y (u v w))";"(a -> b -> c) -> a -> b -> (d -> c -> e) -> d -> e";""
"B (B C) W";"B (B C) W";"(\u v w x.u v v x w)";"(a -> a -> b) -> a -> c -> d -> e";"  Red. Lambda (a -> a -> b -> c -> d) -> a -> c -> b -> d"
"B B (C W)";"B B (C W)";"(\u v w.v w u u)";"a -> (b -> a -> a -> c) -> b -> c";""
"B (B C W)";"B (B C W)";"(\u v w x.u v x x w)";"(a -> b -> b -> c) -> a -> d -> b -> e";"  Red. Lambda (a -> b -> b -> c -> d) -> a -> c -> b -> d"
"B (B (C W))";"B (B (C W))";"(\u v w x.x (u v w) (u v w))";"(a -> b -> c) -> a -> b -> (c -> c -> d) -> d";""
"B (B W) I";"B (B W) I";"(\u v w.u v w w)";"(a -> b -> b -> c) -> a -> b -> c";""
"B B (W I)";"B B (W I)";"(\u v w.u u (v w))";"Nothing";""
"B (B W I)";"B (B W I)";"(\u v w.u v w w)";"(a -> b -> b -> c) -> a -> b -> c";""
"B (B (W I))";"B (B (W I))";"(\u v w.u v w (u v w))";"Nothing";""
"B (B W) K";"B (B W) K";"(\u v w.u w w)";"(a -> a -> b) -> c -> a -> b";""
"B B (W K)";"B B (W K)";"(\u v w.u (v w))";"(a -> b) -> (c -> a) -> c -> b";""
"B (B W K)";"B (B W K)";"(\u v w.u v w)";"(a -> b -> c) -> a -> b -> c";""
"B (B (W K))";"B (B (W K))";"(\u v w.u v w)";"(a -> b -> c) -> a -> b -> c";""
"B (B W) B";"B (B W) B";"(\u v w.u (v w) w)";"(a -> b) -> (c -> a) -> c -> d";"  Red. Lambda (a -> b -> c) -> (b -> a) -> b -> c"
"B B (W B)";"B B (W B)";"(\u v w.u (u (v w)))";"(a -> b) -> (c -> d) -> c -> d";"  Red. Lambda (a -> a) -> (b -> a) -> b -> a"
"B (B W B)";"B (B W B)";"(\u v w.u v (w w))";"Nothing";""
"B (B (W B))";"B (B (W B))";"(\u v w x.u v w (u v w x))";"(a -> b -> c -> d) -> a -> b -> e -> e";"  Red. Lambda (a -> b -> c -> c) -> a -> b -> c -> c"
"B (B W) C";"B (B W) C";"(\u v w.u w v w)";"(a -> b -> c) -> b -> a -> d";"  Red. Lambda (a -> b -> a -> c) -> b -> a -> c"
"B B (W C)";"B B (W C)";"(\u v w.u (v w) u)";"Nothing";""
"B (B W C)";"B (B W C)";"(\u v w.u v w w)";"(a -> b -> c -> d) -> a -> b -> d";"  Red. Lambda (a -> b -> b -> c) -> a -> b -> c"
"B (B (W C))";"B (B (W C))";"(\u v w x.u v w x (u v w))";"Nothing";""
"B (B W) W";"B (B W) W";"(\u v w.u v v w w)";"(a -> a -> b) -> a -> c -> d";"  Red. Lambda (a -> a -> b -> b -> c) -> a -> b -> c"
"B B (W W)";"B B (W W)";"(\u v w.u u u (v w))";"Nothing";""
"B (B W W)";"B (B W W)";"(\u v w.u v w w w)";"(a -> b -> b -> c) -> a -> b -> d";"  Red. Lambda (a -> b -> b -> b -> c) -> a -> b -> c"
"B (B (W W))";"B (B (W W))";"(\u v w.u v w (u v w) (u v w))";"Nothing";""
"B (C I) I";"B (C I) I";"(\u v.v u)";"a -> (a -> b) -> b";""
"B (C I I)";"B (C I I)";"(\u v.u v (\w.w))";"(a -> (b -> b) -> c) -> a -> c";""
"B (C I) K";"B (C I) K";"(\u v.v (\w.u))";"a -> ((b -> a) -> c) -> c";""
"B (C I K)";"B (C I K)";"(\u v.u v (\w x.w))";"(a -> (b -> c -> b) -> d) -> a -> d";""
"B (C I) B";"B (C I) B";"(\u v.v (\w x.u (w x)))";"(a -> b) -> (((c -> a) -> c -> b) -> d) -> d";""
"B (C I B)";"B (C I B)";"(\u v.u v (\w x y.w (x y)))";"(a -> ((b -> c) -> (d -> b) -> d -> c) -> e) -> a -> e";""
"B (C I) C";"B (C I) C";"(\u v.v (\w x.u x w))";"(a -> b -> c) -> ((b -> a -> c) -> d) -> d";""
"B (C I C)";"B (C I C)";"(\u v.u v (\w x y.w y x))";"(a -> ((b -> c -> d) -> c -> b -> d) -> e) -> a -> e";""
"B (C I) W";"B (C I) W";"(\u v.v (\w.u w w))";"(a -> a -> b) -> ((a -> b) -> c) -> c";""
"B (C I W)";"B (C I W)";"(\u v.u v (\w x.w x x))";"(a -> ((b -> b -> c) -> b -> c) -> d) -> a -> d";""
"B (C K) I";"B (C K) I";"(\u v.v)";"a -> b -> b";""
"B C (K I)";"B C (K I)";"(\u v w.w v)";"a -> b -> (b -> c) -> c";""
"B (C K I)";"B (C K I)";"(\u v.u v)";"(a -> b) -> a -> b";""
"B (C (K I))";"B (C (K I))";"(\u v w.u v)";"(a -> b) -> a -> c -> b";""
"B (C K) K";"B (C K) K";"(\u v.v)";"a -> b -> b";""
"B C (K K)";"B C (K K)";"(\u v w.w)";"a -> b -> c -> c";""
"B (C K K)";"B (C K K)";"(\u v.u v)";"(a -> b) -> a -> b";""
"B (C (K K))";"B (C (K K))";"(\u v w x.u v)";"(a -> b) -> a -> c -> d -> b";""
"B (C K) B";"B (C K) B";"(\u v.v)";"(a -> b) -> c -> c";"  Red. Lambda a -> b -> b"
"B C (K B)";"B C (K B)";"(\u v w x.w (v x))";"a -> (b -> c) -> (c -> d) -> b -> d";""
"B (C K B)";"B (C K B)";"(\u v.u v)";"(a -> b) -> a -> b";""
"B (C (K B))";"B (C (K B))";"(\u v w x y.u v (x y))";"(a -> b -> c) -> a -> d -> (e -> b) -> e -> c";""
"B (C K) C";"B (C K) C";"(\u v.v)";"(a -> b -> c) -> d -> d";"  Red. Lambda a -> b -> b"
"B C (K C)";"B C (K C)";"(\u v w x.w x v)";"a -> b -> (c -> b -> d) -> c -> d";""
"B (C K C)";"B (C K C)";"(\u v.u v)";"(a -> b) -> a -> b";""
"B (C (K C))";"B (C (K C))";"(\u v w x y.u v y x)";"(a -> b -> c -> d) -> a -> e -> c -> b -> d";""
"B (C K) W";"B (C K) W";"(\u v.v)";"(a -> a -> b) -> c -> c";"  Red. Lambda a -> b -> b"
"B C (K W)";"B C (K W)";"(\u v w.w v v)";"a -> b -> (b -> b -> c) -> c";""
"B (C K W)";"B (C K W)";"(\u v.u v)";"(a -> b) -> a -> b";""
"B (C (K W))";"B (C (K W))";"(\u v w x.u v x x)";"(a -> b -> b -> c) -> a -> d -> b -> c";""
"B (C B) I";"B (C B) I";"(\u v w.v (u w))";"(a -> b) -> (b -> c) -> a -> c";""
"B C (B I)";"B C (B I)";"(\u v w.u w v)";"(a -> b) -> c -> a -> d";"  Red. Lambda (a -> b -> c) -> b -> a -> c"
"B (C B I)";"B (C B I)";"(\u v w.u v w)";"(a -> b -> c) -> a -> b -> c";""
"B (C (B I))";"B (C (B I))";"(\u v w.w (u v))";"(a -> b) -> a -> (b -> c) -> c";""
"B (C B) K";"B (C B) K";"(\u v w.v u)";"a -> (a -> b) -> c -> b";""
"B C (B K)";"B C (B K)";"(\u v w.u w)";"(a -> b) -> c -> a -> b";""
"B (C B K)";"B (C B K)";"(\u v w.u v (\x.w))";"(a -> (b -> c) -> d) -> a -> c -> d";""
"B (C (B K))";"B (C (B K))";"(\u v w x.w (u v))";"(a -> b) -> a -> (b -> c) -> d -> c";""
"B (C B) B";"B (C B) B";"(\u v w.v (\x.u (w x)))";"(a -> b) -> ((c -> b) -> d) -> (c -> a) -> d";""
"B C (B B)";"B C (B B)";"(\u v w x.u w (v x))";"(a -> b -> c) -> (d -> b) -> a -> d -> c";""
"B (C B B)";"B (C B B)";"(\u v w.u v (\x y.w (x y)))";"(a -> ((b -> c) -> b -> d) -> e) -> a -> (c -> d) -> e";""
"B (C (B B))";"B (C (B B))";"(\u v w x y.w (u v) (x y))";"(a -> b) -> a -> (b -> c -> d) -> (e -> c) -> e -> d";""
"B (C B) C";"B (C B) C";"(\u v w.v (\x.u x w))";"(a -> b -> c) -> ((a -> c) -> d) -> b -> d";""
"B C (B C)";"B C (B C)";"(\u v w x.u w x v)";"(a -> b -> c -> d) -> c -> a -> b -> d";""
"B (C B C)";"B (C B C)";"(\u v w.u v (\x y.w y x))";"(a -> (b -> c -> d) -> e) -> a -> (c -> b -> d) -> e";""
"B (C (B C))";"B (C (B C))";"(\u v w x y.w (u v) y x)";"(a -> b) -> a -> (b -> c -> d -> e) -> d -> c -> e";""
"B (C B) W";"B (C B) W";"(\u v w.v (u w w))";"(a -> a -> b) -> (b -> c) -> a -> c";""
"B C (B W)";"B C (B W)";"(\u v w.u w v v)";"(a -> b -> b -> c) -> b -> a -> c";""
"B (C B W)";"B (C B W)";"(\u v w.u v (\x.w x x))";"(a -> (b -> c) -> d) -> a -> (b -> b -> c) -> d";""
"B (C (B W))";"B (C (B W))";"(\u v w x.w (u v) x x)";"(a -> b) -> a -> (b -> c -> c -> d) -> c -> d";""
"B (C C) I";"B (C C) I";"(\u v w.v w u)";"a -> (b -> a -> c) -> b -> c";""
"B C (C I)";"B C (C I)";"(\u v w.w u v)";"a -> b -> (a -> c) -> d";"  Red. Lambda a -> b -> (a -> b -> c) -> c"
"B (C C I)";"B (C C I)";"(\u v w.u v w (\x.x))";"(a -> b -> (c -> c) -> d) -> a -> b -> d";""
"B (C (C I))";"B (C (C I))";"(\u v w.u v w)";"(a -> b -> c) -> a -> b -> c";""
"B (C C) K";"B (C C) K";"(\u v w.v w (\x.u))";"a -> (b -> (c -> a) -> d) -> b -> d";""
"B C (C K)";"B C (C K)";"(\u v w.w v)";"a -> b -> (b -> c) -> c";""
"B (C C K)";"B (C C K)";"(\u v w.u v w (\x y.x))";"(a -> b -> (c -> d -> c) -> e) -> a -> b -> e";""
"B (C (C K))";"B (C (C K))";"(\u v w.u v)";"(a -> b) -> a -> c -> b";""
"B (C C) B";"B (C C) B";"(\u v w.v w (\x y.u (x y)))";"(a -> b) -> (c -> ((d -> a) -> d -> b) -> e) -> c -> e";""
"B C (C B)";"B C (C B)";"(\u v w.w (u v))";"(a -> b) -> a -> (b -> c) -> c";""
"B (C C B)";"B (C C B)";"(\u v w.u v w (\x y z.x (y z)))";"(a -> b -> ((c -> d) -> (e -> c) -> e -> d) -> f) -> a -> b -> f";""
"B (C (C B))";"B (C (C B))";"(\u v w x.u v (w x))";"(a -> b -> c) -> a -> (d -> b) -> d -> c";""
"B (C C) C";"B (C C) C";"(\u v w.v w (\x y.u y x))";"(a -> b -> c) -> (d -> (b -> a -> c) -> e) -> d -> e";""
"B C (C C)";"B C (C C)";"(\u v w.w v u)";"a -> b -> (b -> a -> c) -> c";""
"B (C C C)";"B (C C C)";"(\u v w.u v w (\x y z.x z y))";"(a -> b -> ((c -> d -> e) -> d -> c -> e) -> f) -> a -> b -> f";""
"B (C (C C))";"B (C (C C))";"(\u v w x.u v x w)";"(a -> b -> c -> d) -> a -> c -> b -> d";""
"B (C C) W";"B (C C) W";"(\u v w.v w (\x.u x x))";"(a -> a -> b) -> (c -> (a -> b) -> d) -> c -> d";""
"B C (C W)";"B C (C W)";"(\u v w.w u u v)";"a -> b -> (a -> a -> c) -> d";"  Red. Lambda a -> b -> (a -> a -> b -> c) -> c"
"B (C C W)";"B (C C W)";"(\u v w.u v w (\x y.x y y))";"(a -> b -> ((c -> c -> d) -> c -> d) -> e) -> a -> b -> e";""
"B (C (C W))";"B (C (C W))";"(\u v w.u v w w)";"(a -> b -> b -> c) -> a -> b -> c";""
"B (C W) I";"B (C W) I";"(\u v.v u u)";"a -> (a -> a -> b) -> b";""
"B C (W I)";"B C (W I)";"(\u v w.u u w v)";"Nothing";""
"B (C W I)";"B (C W I)";"(\u v.u v (\w.w) (\w.w))";"(a -> (b -> b) -> (b -> b) -> c) -> a -> c";"  Red. Lambda (a -> (b -> b) -> (c -> c) -> d) -> a -> d"
"B (C (W I))";"B (C (W I))";"(\u v w.w w (u v))";"Nothing";""
"B (C W) K";"B (C W) K";"(\u v.v (\w.u) (\w.u))";"a -> ((b -> a) -> (b -> a) -> c) -> c";"  Red. Lambda a -> ((b -> a) -> (c -> a) -> d) -> d"
"B C (W K)";"B C (W K)";"(\u v w.u w v)";"(a -> b -> c) -> b -> a -> c";""
"B (C W K)";"B (C W K)";"(\u v.u v (\w x.w) (\w x.w))";"(a -> (b -> c -> b) -> (b -> c -> b) -> d) -> a -> d";"  Red. Lambda (a -> (b -> c -> b) -> (d -> e -> d) -> f) -> a -> f"
"B (C (W K))";"B (C (W K))";"(\u v w.w (u v))";"(a -> b) -> a -> (b -> c) -> c";""
"B (C W) B";"B (C W) B";"(\u v.v (\w x.u (w x)) (\w x.u (w x)))";"(a -> b)
->
(((c -> a) -> c -> b) -> ((c -> a) -> c -> b) -> d) -> d";"  Red. Lambda (a -> b)
->
(((c -> a) -> c -> b) -> ((d -> a) -> d -> b) -> e) -> e"
"B C (W B)";"B C (W B)";"(\u v w.u (u w) v)";"(a -> b) -> c -> (c -> d) -> d";"  Red. Lambda ((a -> b) -> a -> b) -> a -> (a -> b) -> b"
"B (C W B)";"B (C W B)";"(\u v.u v (\w x y.w (x y)) (\w x y.w (x y)))";"(a
 ->
 ((b -> c) -> (d -> b) -> d -> c)
 ->
 ((b -> c) -> (d -> b) -> d -> c) -> e)
->
a -> e";"  Red. Lambda (a
 ->
 ((b -> c) -> (d -> b) -> d -> c)
 ->
 ((e -> f) -> (g -> e) -> g -> f) -> a1)
->
a -> a1"
"B (C (W B))";"B (C (W B))";"(\u v w.w (w (u v)))";"(a -> b) -> a -> (c -> d) -> b";"  Red. Lambda (a -> b) -> a -> (b -> b) -> b"
"B (C W) C";"B (C W) C";"(\u v.v (\w x.u x w) (\w x.u x w))";"(a -> b -> c) -> ((b -> a -> c) -> (b -> a -> c) -> d) -> d";""
"B C (W C)";"B C (W C)";"(\u v w.u w u v)";"Nothing";""
"B (C W C)";"B (C W C)";"(\u v.u v (\w x y.w y x) (\w x y.w y x))";"(a
 ->
 ((b -> c -> d) -> c -> b -> d)
 ->
 ((b -> c -> d) -> c -> b -> d) -> e)
->
a -> e";"  Red. Lambda (a
 ->
 ((b -> c -> d) -> c -> b -> d)
 ->
 ((e -> f -> g) -> f -> e -> g) -> a1)
->
a -> a1"
"B (C (W C))";"B (C (W C))";"(\u v w.w (u v) w)";"Nothing";""
"B (C W) W";"B (C W) W";"(\u v.v (\w.u w w) (\w.u w w))";"(a -> a -> b) -> ((a -> b) -> (a -> b) -> c) -> c";""
"B C (W W)";"B C (W W)";"(\u v w.u u u w v)";"Nothing";""
"B (C W W)";"B (C W W)";"(\u v.u v (\w x.w x x) (\w x.w x x))";"(a -> ((b -> b -> c) -> b -> c) -> ((b -> b -> c) -> b -> c) -> d)
->
a -> d";"  Red. Lambda (a -> ((b -> b -> c) -> b -> c) -> ((d -> d -> e) -> d -> e) -> f)
->
a -> f"
"B (C (W W))";"B (C (W W))";"(\u v w.w w w (u v))";"Nothing";""
"B (W I) I";"B (W I) I";"(\u.u u)";"Nothing";""
"B (W I) K";"B (W I) K";"(\u.u)";"Nothing";"  Red. Lambda a -> a"
"B (W I) B";"B (W I) B";"(\u v.u (\w.u (v w)))";"Nothing";"  Red. Lambda ((a -> b) -> b) -> (a -> a -> b) -> b"
"B (W I) C";"B (W I) C";"(\u v.u v (\w x.u x w))";"Nothing";""
"B (W I) W";"B (W I) W";"(\u.u (\v.u v v) (\v.u v v))";"Nothing";""
"B (W K) I";"B (W K) I";"(\u.u)";"a -> a";""
"B W (K I)";"B W (K I)";"(\u v.v v)";"Nothing";""
"B (W (K I))";"B (W (K I))";"(\u v.u v)";"(a -> b) -> a -> b";""
"B (W K) K";"B (W K) K";"(\u v.u)";"a -> b -> a";""
"B W (K K)";"B W (K K)";"(\u v.v)";"a -> b -> b";""
"B (W (K K))";"B (W (K K))";"(\u v w.u v)";"(a -> b) -> a -> c -> b";""
"B (W K) B";"B (W K) B";"(\u v w.u (v w))";"(a -> b) -> (c -> a) -> c -> b";""
"B W (K B)";"B W (K B)";"(\u v w.v (v w))";"a -> (b -> c) -> d -> d";"  Red. Lambda a -> (b -> b) -> b -> b"
"B (W (K B))";"B (W (K B))";"(\u v w x.u v (w x))";"(a -> b -> c) -> a -> (d -> b) -> d -> c";""
"B (W K) C";"B (W K) C";"(\u v w.u w v)";"(a -> b -> c) -> b -> a -> c";""
"B W (K C)";"B W (K C)";"(\u v w.v w v)";"Nothing";""
"B (W (K C))";"B (W (K C))";"(\u v w x.u v x w)";"(a -> b -> c -> d) -> a -> c -> b -> d";""
"B (W K) W";"B (W K) W";"(\u v.u v v)";"(a -> a -> b) -> a -> b";""
"B W (K W)";"B W (K W)";"(\u v.v v v)";"Nothing";""
"B (W (K W))";"B (W (K W))";"(\u v w.u v w w)";"(a -> b -> b -> c) -> a -> b -> c";""
"B (W B) I";"B (W B) I";"(\u v.u (u v))";"(a -> b) -> c -> c";"  Red. Lambda (a -> a) -> a -> a"
"B W (B I)";"B W (B I)";"(\u v.u v v)";"(a -> b) -> a -> c";"  Red. Lambda (a -> a -> b) -> a -> b"
"B (W (B I))";"B (W (B I))";"(\u v.u v (u v))";"Nothing";""
"B (W B) K";"B (W B) K";"(\u v.u)";"a -> b -> b";"  Red. Lambda a -> b -> a"
"B W (B K)";"B W (B K)";"(\u v.u v)";"(a -> b) -> c -> b";"  Red. Lambda (a -> b) -> a -> b"
"B (W (B K))";"B (W (B K))";"(\u v w.u v (u v))";"Nothing";""
"B (W B) B";"B (W B) B";"(\u v w.u (u (v w)))";"(a -> b) -> c -> c";"  Red. Lambda (a -> a) -> (b -> a) -> b -> a"
"B W (B B)";"B W (B B)";"(\u v w.u v (v w))";"(a -> b -> c) -> (d -> b) -> d -> c";"  Red. Lambda ((a -> b) -> b -> c) -> (a -> b) -> a -> c"
"B (W (B B))";"B (W (B B))";"(\u v w x.u v (u v) (w x))";"Nothing";""
"B (W B) C";"B (W B) C";"(\u v w.u w (\x.u x v))";"(a -> b -> c) -> d -> d";"  Red. Lambda (a -> (a -> b) -> b) -> (a -> b) -> a -> b"
"B W (B C)";"B W (B C)";"(\u v w.u v w v)";"(a -> b -> c -> d) -> c -> b -> d";"  Red. Lambda (a -> b -> a -> c) -> a -> b -> c"
"B (W (B C))";"B (W (B C))";"(\u v w x.u v (u v) x w)";"Nothing";""
"B (W B) W";"B (W B) W";"(\u v.u (u v v) (u v v))";"(a -> a -> b) -> c -> c";"  Red. Lambda (a -> a -> a) -> a -> a"
"B W (B W)";"B W (B W)";"(\u v.u v v v)";"(a -> b -> b -> c) -> b -> c";"  Red. Lambda (a -> a -> a -> b) -> a -> b"
"B (W (B W))";"B (W (B W))";"(\u v w.u v (u v) w w)";"Nothing";""
"B (W C) I";"B (W C) I";"(\u v.u v u)";"Nothing";""
"B W (C I)";"B W (C I)";"(\u v.v u v)";"Nothing";""
"B (W (C I))";"B (W (C I))";"(\u v.u v (u v))";"Nothing";""
"B (W C) K";"B (W C) K";"(\u v.u (\w.u))";"Nothing";""
"B W (C K)";"B W (C K)";"(\u v.v v)";"Nothing";""
"B (W (C K))";"B (W (C K))";"(\u v.u v)";"(a -> b) -> a -> b";""
"B (W C) B";"B (W C) B";"(\u v.u (v (\w x.u (w x))))";"Nothing";"  Red. Lambda (a -> b) -> (((c -> a) -> c -> b) -> a) -> b"
"B W (C B)";"B W (C B)";"(\u v.v (u v))";"(a -> b) -> (b -> c) -> c";"  Red. Lambda ((a -> b) -> a) -> (a -> b) -> b"
"B (W (C B))";"B (W (C B))";"(\u v w.u v (u v w))";"(a -> b -> c) -> a -> d -> d";"  Red. Lambda (a -> b -> b) -> a -> b -> b"
"B (W C) C";"B (W C) C";"(\u v.u (\w x.u x w) v)";"Nothing";""
"B W (C C)";"B W (C C)";"(\u v.v v u)";"Nothing";""
"B (W (C C))";"B (W (C C))";"(\u v w.u v w (u v))";"Nothing";""
"B (W C) W";"B (W C) W";"(\u v.u v v (\w.u w w))";"Nothing";""
"B W (C W)";"B W (C W)";"(\u v.v u u v)";"Nothing";""
"B (W (C W))";"B (W (C W))";"(\u v.u v (u v) (u v))";"Nothing";""
"B (W W) I";"B (W W) I";"(\u.u u u)";"Nothing";""
"B W (W I)";"B W (W I)";"(\u v.u u v v)";"Nothing";""
"B (W (W I))";"B (W (W I))";"(\u v.u v (u v) (u v))";"Nothing";""
"B (W W) K";"B (W W) K";"(\u.u (\v.u))";"Nothing";""
"B W (W K)";"B W (W K)";"(\u v.u v v)";"(a -> a -> b) -> a -> b";""
"B (W (W K))";"B (W (W K))";"(\u v.u v (u v))";"Nothing";""
"B (W W) B";"B (W W) B";"(\u.u (\v.u (\w.u (v w))))";"Nothing";""
"B W (W B)";"B W (W B)";"(\u v.u (u v) v)";"Nothing";""
"B (W (W B))";"B (W (W B))";"(\u v.u v (u v (u v)))";"(a -> b -> c) -> a -> b -> c";"  Red. Lambda Nothing"
"B (W W) C";"B (W W) C";"(\u.u (\v w.u w v) (\v w.u w v))";"Nothing";""
"B W (W C)";"B W (W C)";"(\u v.u v u v)";"Nothing";""
"B (W (W C))";"B (W (W C))";"(\u v.u v (u v) (u v))";"Nothing";""
"B (W W) W";"B (W W) W";"(\u.u (\v.u v v) (\v.u v v) (\v.u v v))";"Nothing";""
"B W (W W)";"B W (W W)";"(\u v.u u u v v)";"Nothing";""
"B (W W W)";"";"";"Nothing";"Reduce failed"
"B (W (W W))";"B (W (W W))";"(\u v.u v (u v) (u v) (u v))";"Nothing";""
"C I (K I)";"C I (K I)";"(\u.u (\v w.w))";"((a -> b -> b) -> c) -> c";""
"C I (K K)";"C I (K K)";"(\u.u (\v w x.w))";"((a -> b -> c -> b) -> d) -> d";""
"C I (K B)";"C I (K B)";"(\u.u (\v w x y.w (x y)))";"((a -> (b -> c) -> (d -> b) -> d -> c) -> e) -> e";""
"C I (K C)";"C I (K C)";"(\u.u (\v w x y.w y x))";"((a -> (b -> c -> d) -> c -> b -> d) -> e) -> e";""
"C I (K W)";"C I (K W)";"(\u.u (\v w x.w x x))";"((a -> (b -> b -> c) -> b -> c) -> d) -> d";""
"C I (B I)";"C I (B I)";"(\u.u (\v w.v w))";"(((a -> b) -> a -> b) -> c) -> c";""
"C I (B K)";"C I (B K)";"(\u.u (\v w x.v w))";"(((a -> b) -> a -> c -> b) -> d) -> d";""
"C I (B B)";"C I (B B)";"(\u.u (\v w x y.v w (x y)))";"(((a -> b -> c) -> a -> (d -> b) -> d -> c) -> e) -> e";""
"C I (B C)";"C I (B C)";"(\u.u (\v w x y.v w y x))";"(((a -> b -> c -> d) -> a -> c -> b -> d) -> e) -> e";""
"C I (B W)";"C I (B W)";"(\u.u (\v w x.v w x x))";"(((a -> b -> b -> c) -> a -> b -> c) -> d) -> d";""
"C I (C I)";"C I (C I)";"(\u.u (\v w.w v))";"((a -> (a -> b) -> b) -> c) -> c";""
"C I (C K)";"C I (C K)";"(\u.u (\v w.w))";"((a -> b -> b) -> c) -> c";""
"C I (C B)";"C I (C B)";"(\u.u (\v w x.w (v x)))";"(((a -> b) -> (b -> c) -> a -> c) -> d) -> d";""
"C I (C C)";"C I (C C)";"(\u.u (\v w x.w x v))";"((a -> (b -> a -> c) -> b -> c) -> d) -> d";""
"C I (C W)";"C I (C W)";"(\u.u (\v w.w v v))";"((a -> (a -> a -> b) -> b) -> c) -> c";""
"C I (W I)";"C I (W I)";"(\u.u (\v.v v))";"Nothing";""
"C I (W K)";"C I (W K)";"(\u.u (\v.v))";"((a -> a) -> b) -> b";""
"C I (W B)";"C I (W B)";"(\u.u (\v w.v (v w)))";"(((a -> b) -> c -> c) -> d) -> d";"  Red. Lambda (((a -> a) -> a -> a) -> b) -> b"
"C I (W C)";"C I (W C)";"(\u.u (\v w.v w v))";"Nothing";""
"C I (W W)";"C I (W W)";"(\u.u (\v.v v v))";"Nothing";""
"C (K I) I";"C (K I) I";"(\u v.v)";"a -> b -> b";""
"C (K I) K";"C (K I) K";"(\u v w.v)";"a -> b -> c -> b";""
"C (K I) B";"C (K I) B";"(\u v w x.v (w x))";"a -> (b -> c) -> (d -> b) -> d -> c";""
"C (K I) C";"C (K I) C";"(\u v w x.v x w)";"a -> (b -> c -> d) -> c -> b -> d";""
"C (K I) W";"C (K I) W";"(\u v w.v w w)";"a -> (b -> b -> c) -> b -> c";""
"C (K K) I";"C (K K) I";"(\u v w.w)";"a -> b -> c -> c";""
"C K (K I)";"C K (K I)";"(\u.u)";"a -> a";""
"C (K (K I))";"C (K (K I))";"(\u v w.w)";"a -> b -> c -> c";""
"C (K K) K";"C (K K) K";"(\u v w x.w)";"a -> b -> c -> d -> c";""
"C K (K K)";"C K (K K)";"(\u.u)";"a -> a";""
"C (K (K K))";"C (K (K K))";"(\u v w x.w)";"a -> b -> c -> d -> c";""
"C (K K) B";"C (K K) B";"(\u v w x y.w (x y))";"a -> b -> (c -> d) -> (e -> c) -> e -> d";""
"C K (K B)";"C K (K B)";"(\u.u)";"a -> a";""
"C (K (K B))";"C (K (K B))";"(\u v w x y.w (x y))";"a -> b -> (c -> d) -> (e -> c) -> e -> d";""
"C (K K) C";"C (K K) C";"(\u v w x y.w y x)";"a -> b -> (c -> d -> e) -> d -> c -> e";""
"C K (K C)";"C K (K C)";"(\u.u)";"a -> a";""
"C (K (K C))";"C (K (K C))";"(\u v w x y.w y x)";"a -> b -> (c -> d -> e) -> d -> c -> e";""
"C (K K) W";"C (K K) W";"(\u v w x.w x x)";"a -> b -> (c -> c -> d) -> c -> d";""
"C K (K W)";"C K (K W)";"(\u.u)";"a -> a";""
"C (K (K W))";"C (K (K W))";"(\u v w x.w x x)";"a -> b -> (c -> c -> d) -> c -> d";""
"C (K B) I";"C (K B) I";"(\u v w.v w)";"a -> (b -> c) -> b -> c";""
"C K (B I)";"C K (B I)";"(\u.u)";"a -> a";""
"C (K (B I))";"C (K (B I))";"(\u v w.u w)";"(a -> b) -> c -> a -> b";""
"C (K B) K";"C (K B) K";"(\u v w x.v w)";"a -> (b -> c) -> b -> d -> c";""
"C K (B K)";"C K (B K)";"(\u.u)";"a -> a";""
"C (K (B K))";"C (K (B K))";"(\u v w x.u w)";"(a -> b) -> c -> a -> d -> b";""
"C (K B) B";"C (K B) B";"(\u v w x y.v w (x y))";"a -> (b -> c -> d) -> b -> (e -> c) -> e -> d";""
"C K (B B)";"C K (B B)";"(\u.u)";"a -> a";""
"C (K (B B))";"C (K (B B))";"(\u v w x y.u w (x y))";"(a -> b -> c) -> d -> a -> (e -> b) -> e -> c";""
"C (K B) C";"C (K B) C";"(\u v w x y.v w y x)";"a -> (b -> c -> d -> e) -> b -> d -> c -> e";""
"C K (B C)";"C K (B C)";"(\u.u)";"a -> a";""
"C (K (B C))";"C (K (B C))";"(\u v w x y.u w y x)";"(a -> b -> c -> d) -> e -> a -> c -> b -> d";""
"C (K B) W";"C (K B) W";"(\u v w x.v w x x)";"a -> (b -> c -> c -> d) -> b -> c -> d";""
"C K (B W)";"C K (B W)";"(\u.u)";"a -> a";""
"C (K (B W))";"C (K (B W))";"(\u v w x.u w x x)";"(a -> b -> b -> c) -> d -> a -> b -> c";""
"C (K C) I";"C (K C) I";"(\u v w.w v)";"a -> b -> (b -> c) -> c";""
"C K (C I)";"C K (C I)";"(\u.u)";"a -> a";""
"C (K (C I))";"C (K (C I))";"(\u v w.w u)";"a -> b -> (a -> c) -> c";""
"C (K C) K";"C (K C) K";"(\u v w.w)";"a -> b -> c -> c";""
"C K (C K)";"C K (C K)";"(\u.u)";"a -> a";""
"C (K (C K))";"C (K (C K))";"(\u v w.w)";"a -> b -> c -> c";""
"C (K C) B";"C (K C) B";"(\u v w x.w (v x))";"a -> (b -> c) -> (c -> d) -> b -> d";""
"C K (C B)";"C K (C B)";"(\u.u)";"a -> a";""
"C (K (C B))";"C (K (C B))";"(\u v w x.w (u x))";"(a -> b) -> c -> (b -> d) -> a -> d";""
"C (K C) C";"C (K C) C";"(\u v w x.w x v)";"a -> b -> (c -> b -> d) -> c -> d";""
"C K (C C)";"C K (C C)";"(\u.u)";"a -> a";""
"C (K (C C))";"C (K (C C))";"(\u v w x.w x u)";"a -> b -> (c -> a -> d) -> c -> d";""
"C (K C) W";"C (K C) W";"(\u v w.w v v)";"a -> b -> (b -> b -> c) -> c";""
"C K (C W)";"C K (C W)";"(\u.u)";"a -> a";""
"C (K (C W))";"C (K (C W))";"(\u v w.w u u)";"a -> b -> (a -> a -> c) -> c";""
"C (K W) I";"C (K W) I";"(\u v.v v)";"Nothing";""
"C K (W I)";"C K (W I)";"(\u.u)";"Nothing";"  Red. Lambda a -> a"
"C (K (W I))";"C (K (W I))";"(\u v.u u)";"Nothing";""
"C (K W) K";"C (K W) K";"(\u v.v)";"a -> b -> b";""
"C K (W K)";"C K (W K)";"(\u.u)";"a -> a";""
"C (K (W K))";"C (K (W K))";"(\u v.u)";"a -> b -> a";""
"C (K W) B";"C (K W) B";"(\u v w.v (v w))";"a -> (b -> c) -> d -> d";"  Red. Lambda a -> (b -> b) -> b -> b"
"C K (W B)";"C K (W B)";"(\u.u)";"a -> a";""
"C (K (W B))";"C (K (W B))";"(\u v w.u (u w))";"(a -> b) -> c -> d -> d";"  Red. Lambda (a -> a) -> b -> a -> a"
"C (K W) C";"C (K W) C";"(\u v w.v w v)";"Nothing";""
"C K (W C)";"C K (W C)";"(\u.u)";"Nothing";"  Red. Lambda a -> a"
"C (K (W C))";"C (K (W C))";"(\u v w.u w u)";"Nothing";""
"C (K W) W";"C (K W) W";"(\u v.v v v)";"Nothing";""
"C K (W W)";"C K (W W)";"(\u.u)";"Nothing";"  Red. Lambda a -> a"
"C (K (W W))";"C (K (W W))";"(\u v.u u u)";"Nothing";""
"C (B I) I";"C (B I) I";"(\u.u (\v.v))";"((a -> a) -> b) -> b";""
"C (B I I)";"C (B I I)";"(\u v.v u)";"a -> (a -> b) -> b";""
"C (B I) K";"C (B I) K";"(\u.u (\v w.v))";"((a -> b -> a) -> c) -> c";""
"C (B I K)";"C (B I K)";"(\u v.v)";"a -> b -> b";""
"C (B I) B";"C (B I) B";"(\u.u (\v w x.v (w x)))";"(((a -> b) -> (c -> a) -> c -> b) -> d) -> d";""
"C (B I B)";"C (B I B)";"(\u v w.v (u w))";"(a -> b) -> (b -> c) -> a -> c";""
"C (B I) C";"C (B I) C";"(\u.u (\v w x.v x w))";"(((a -> b -> c) -> b -> a -> c) -> d) -> d";""
"C (B I C)";"C (B I C)";"(\u v w.v w u)";"a -> (b -> a -> c) -> b -> c";""
"C (B I) W";"C (B I) W";"(\u.u (\v w.v w w))";"(((a -> a -> b) -> a -> b) -> c) -> c";""
"C (B I W)";"C (B I W)";"(\u v.v u u)";"a -> (a -> a -> b) -> b";""
"C (B K) I";"C (B K) I";"(\u v.u (\w.w))";"((a -> a) -> b) -> c -> b";""
"C B (K I)";"C B (K I)";"(\u v.u (\w.w))";"((a -> a) -> b) -> c -> b";""
"C (B K I)";"C (B K I)";"(\u v.v)";"a -> b -> b";""
"C (B (K I))";"C (B (K I))";"(\u v w.w)";"a -> (a -> b) -> c -> c";"  Red. Lambda a -> b -> c -> c"
"C (B K) K";"C (B K) K";"(\u v.u (\w x.w))";"((a -> b -> a) -> c) -> d -> c";""
"C B (K K)";"C B (K K)";"(\u v.u (\w x.w))";"((a -> b -> a) -> c) -> d -> c";""
"C (B K K)";"C (B K K)";"(\u v w.v)";"a -> b -> c -> b";""
"C (B (K K))";"C (B (K K))";"(\u v w x.w)";"a -> (a -> b) -> c -> d -> c";"  Red. Lambda a -> b -> c -> d -> c"
"C (B K) B";"C (B K) B";"(\u v.u (\w x y.w (x y)))";"(((a -> b) -> (c -> a) -> c -> b) -> d) -> e -> d";""
"C B (K B)";"C B (K B)";"(\u v.u (\w x y.w (x y)))";"(((a -> b) -> (c -> a) -> c -> b) -> d) -> e -> d";""
"C (B K B)";"C (B K B)";"(\u v w x.v (w x))";"a -> (b -> c) -> (d -> b) -> d -> c";""
"C (B (K B))";"C (B (K B))";"(\u v w x y.w (x y))";"a -> (a -> b) -> (c -> d) -> (e -> c) -> e -> d";"  Red. Lambda a -> b -> (c -> d) -> (e -> c) -> e -> d"
"C (B K) C";"C (B K) C";"(\u v.u (\w x y.w y x))";"(((a -> b -> c) -> b -> a -> c) -> d) -> e -> d";""
"C B (K C)";"C B (K C)";"(\u v.u (\w x y.w y x))";"(((a -> b -> c) -> b -> a -> c) -> d) -> e -> d";""
"C (B K C)";"C (B K C)";"(\u v w x.v x w)";"a -> (b -> c -> d) -> c -> b -> d";""
"C (B (K C))";"C (B (K C))";"(\u v w x y.w y x)";"a -> (a -> b) -> (c -> d -> e) -> d -> c -> e";"  Red. Lambda a -> b -> (c -> d -> e) -> d -> c -> e"
"C (B K) W";"C (B K) W";"(\u v.u (\w x.w x x))";"(((a -> a -> b) -> a -> b) -> c) -> d -> c";""
"C B (K W)";"C B (K W)";"(\u v.u (\w x.w x x))";"(((a -> a -> b) -> a -> b) -> c) -> d -> c";""
"C (B K W)";"C (B K W)";"(\u v w.v w w)";"a -> (b -> b -> c) -> b -> c";""
"C (B (K W))";"C (B (K W))";"(\u v w x.w x x)";"a -> (a -> b) -> (c -> c -> d) -> c -> d";"  Red. Lambda a -> b -> (c -> c -> d) -> c -> d"
"C (B B) I";"C (B B) I";"(\u v w.u (\x.x) (v w))";"((a -> a) -> b -> c) -> (d -> b) -> d -> c";""
"C B (B I)";"C B (B I)";"(\u v.u (\w.v w))";"((a -> b) -> c) -> (a -> b) -> c";""
"C (B B I)";"C (B B I)";"(\u v w.v (u w))";"(a -> b) -> (b -> c) -> a -> c";""
"C (B (B I))";"C (B (B I))";"(\u v w.v u w)";"a -> (a -> b -> c) -> b -> c";""
"C (B B) K";"C (B B) K";"(\u v w.u (\x y.x) (v w))";"((a -> b -> a) -> c -> d) -> (e -> c) -> e -> d";""
"C B (B K)";"C B (B K)";"(\u v.u (\w x.v w))";"((a -> b -> c) -> d) -> (a -> c) -> d";""
"C (B B K)";"C (B B K)";"(\u v w.v)";"(a -> b) -> c -> a -> c";"  Red. Lambda a -> b -> c -> b"
"C (B (B K))";"C (B (B K))";"(\u v w x.v u w)";"a -> (a -> b -> c) -> b -> d -> c";""
"C (B B) B";"C (B B) B";"(\u v w.u (\x y z.x (y z)) (v w))";"(((a -> b) -> (c -> a) -> c -> b) -> d -> e) -> (f -> d) -> f -> e";""
"C B (B B)";"C B (B B)";"(\u v.u (\w x y.v w (x y)))";"((a -> (b -> c) -> b -> d) -> e) -> (a -> c -> d) -> e";""
"C (B B B)";"C (B B B)";"(\u v w x.v (u w x))";"(a -> b -> c) -> (c -> d) -> a -> b -> d";""
"C (B (B B))";"C (B (B B))";"(\u v w x y.v u w (x y))";"a -> (a -> b -> c -> d) -> b -> (e -> c) -> e -> d";""
"C (B B) C";"C (B B) C";"(\u v w.u (\x y z.x z y) (v w))";"(((a -> b -> c) -> b -> a -> c) -> d -> e) -> (f -> d) -> f -> e";""
"C B (B C)";"C B (B C)";"(\u v.u (\w x y.v w y x))";"((a -> b -> c -> d) -> e) -> (a -> c -> b -> d) -> e";""
"C (B B C)";"C (B B C)";"(\u v w x.v x (u w))";"(a -> b) -> (c -> b -> d) -> a -> c -> d";""
"C (B (B C))";"C (B (B C))";"(\u v w x y.v u w y x)";"a -> (a -> b -> c -> d -> e) -> b -> d -> c -> e";""
"C (B B) W";"C (B B) W";"(\u v w.u (\x y.x y y) (v w))";"(((a -> a -> b) -> a -> b) -> c -> d) -> (e -> c) -> e -> d";""
"C B (B W)";"C B (B W)";"(\u v.u (\w x.v w x x))";"((a -> b -> c) -> d) -> (a -> b -> b -> c) -> d";""
"C (B B W)";"C (B B W)";"(\u v w.v (u w) (u w))";"(a -> b) -> (b -> b -> c) -> a -> c";""
"C (B (B W))";"C (B (B W))";"(\u v w x.v u w x x)";"a -> (a -> b -> c -> c -> d) -> b -> c -> d";""
"C (B C) I";"C (B C) I";"(\u v w.u (\x.x) w v)";"((a -> a) -> b -> c -> d) -> c -> b -> d";""
"C B (C I)";"C B (C I)";"(\u v.u (\w.w v))";"(((a -> b) -> b) -> c) -> a -> c";""
"C (B C I)";"C (B C I)";"(\u v w.v w u)";"a -> (b -> a -> c) -> b -> c";""
"C (B (C I))";"C (B (C I))";"(\u v w.w (v u))";"a -> (a -> b) -> (b -> c) -> c";""
"C (B C) K";"C (B C) K";"(\u v w.u (\x y.x) w v)";"((a -> b -> a) -> c -> d -> e) -> d -> c -> e";""
"C B (C K)";"C B (C K)";"(\u v.u (\w.w))";"((a -> a) -> b) -> c -> b";""
"C (B C K)";"C (B C K)";"(\u v w.v u)";"a -> (a -> b) -> c -> b";""
"C (B (C K))";"C (B (C K))";"(\u v w.w)";"a -> (a -> b) -> c -> c";"  Red. Lambda a -> b -> c -> c"
"C (B C) B";"C (B C) B";"(\u v w.u (\x y z.x (y z)) w v)";"(((a -> b) -> (c -> a) -> c -> b) -> d -> e -> f) -> e -> d -> f";""
"C B (C B)";"C B (C B)";"(\u v.u (\w x.w (v x)))";"(((a -> b) -> c -> b) -> d) -> (c -> a) -> d";""
"C (B C B)";"C (B C B)";"(\u v w.v (w u))";"a -> (b -> c) -> (a -> b) -> c";""
"C (B (C B))";"C (B (C B))";"(\u v w x.w (v u x))";"a -> (a -> b -> c) -> (c -> d) -> b -> d";""
"C (B C) C";"C (B C) C";"(\u v w.u (\x y z.x z y) w v)";"(((a -> b -> c) -> b -> a -> c) -> d -> e -> f) -> e -> d -> f";""
"C B (C C)";"C B (C C)";"(\u v.u (\w x.w x v))";"(((a -> b -> c) -> a -> c) -> d) -> b -> d";""
"C (B C C)";"C (B C C)";"(\u v w.v u w)";"a -> (a -> b -> c) -> b -> c";""
"C (B (C C))";"C (B (C C))";"(\u v w x.w x (v u))";"a -> (a -> b) -> (c -> b -> d) -> c -> d";""
"C (B C) W";"C (B C) W";"(\u v w.u (\x y.x y y) w v)";"(((a -> a -> b) -> a -> b) -> c -> d -> e) -> d -> c -> e";""
"C B (C W)";"C B (C W)";"(\u v.u (\w.w v v))";"(((a -> a -> b) -> b) -> c) -> a -> c";""
"C (B C W)";"C (B C W)";"(\u v w.v w w u)";"a -> (b -> b -> c) -> b -> d";"  Red. Lambda a -> (b -> b -> a -> c) -> b -> c"
"C (B (C W))";"C (B (C W))";"(\u v w.w (v u) (v u))";"a -> (a -> b) -> (b -> b -> c) -> c";""
"C (B W) I";"C (B W) I";"(\u v.u (\w.w) v v)";"((a -> a) -> b -> b -> c) -> b -> c";""
"C B (W I)";"C B (W I)";"(\u v.u (v v))";"Nothing";""
"C (B W I)";"C (B W I)";"(\u v.v u u)";"a -> (a -> a -> b) -> b";""
"C (B (W I))";"C (B (W I))";"(\u v.v u (v u))";"Nothing";""
"C (B W) K";"C (B W) K";"(\u v.u (\w x.w) v v)";"((a -> b -> a) -> c -> c -> d) -> c -> d";""
"C B (W K)";"C B (W K)";"(\u v.u v)";"(a -> b) -> a -> b";""
"C (B W K)";"C (B W K)";"(\u v.v u)";"a -> (a -> b) -> b";""
"C (B (W K))";"C (B (W K))";"(\u v.v u)";"a -> (a -> b) -> b";""
"C (B W) B";"C (B W) B";"(\u v.u (\w x y.w (x y)) v v)";"(((a -> b) -> (c -> a) -> c -> b) -> d -> d -> e) -> d -> e";""
"C B (W B)";"C B (W B)";"(\u v.u (\w.v (v w)))";"((a -> a) -> b) -> (c -> d) -> b";"  Red. Lambda ((a -> a) -> b) -> (a -> a) -> b"
"C (B W B)";"C (B W B)";"(\u v.v (u u))";"Nothing";""
"C (B (W B))";"C (B (W B))";"(\u v w.v u (v u w))";"a -> (a -> b -> c) -> d -> d";"  Red. Lambda a -> (a -> b -> b) -> b -> b"
"C (B W) C";"C (B W) C";"(\u v.u (\w x y.w y x) v v)";"(((a -> b -> c) -> b -> a -> c) -> d -> d -> e) -> d -> e";""
"C B (W C)";"C B (W C)";"(\u v.u (\w.v w v))";"Nothing";""
"C (B W C)";"C (B W C)";"(\u v.v u u)";"a -> (a -> b -> c) -> c";"  Red. Lambda a -> (a -> a -> b) -> b"
"C (B (W C))";"C (B (W C))";"(\u v w.v u w (v u))";"Nothing";""
"C (B W) W";"C (B W) W";"(\u v.u (\w x.w x x) v v)";"(((a -> a -> b) -> a -> b) -> c -> c -> d) -> c -> d";""
"C B (W W)";"C B (W W)";"(\u v.u (v v v))";"Nothing";""
"C (B W W)";"C (B W W)";"(\u v.v u u u)";"a -> (a -> a -> b) -> c";"  Red. Lambda a -> (a -> a -> a -> b) -> b"
"C (B (W W))";"C (B (W W))";"(\u v.v u (v u) (v u))";"Nothing";""
"C (C I) I";"C (C I) I";"(\u.u)";"a -> a";""
"C (C I I)";"C (C I I)";"(\u v.v (\w.w) u)";"a -> ((b -> b) -> c) -> d";"  Red. Lambda a -> ((b -> b) -> a -> c) -> c"
"C (C I) K";"C (C I) K";"(\u v.u)";"a -> b -> a";""
"C (C I K)";"C (C I K)";"(\u v.v (\w x.w) u)";"a -> ((b -> c -> b) -> d) -> e";"  Red. Lambda a -> ((b -> c -> b) -> a -> d) -> d"
"C (C I) B";"C (C I) B";"(\u v w.u (v w))";"(a -> b) -> (c -> a) -> c -> b";""
"C (C I B)";"C (C I B)";"(\u v.v (\w x y.w (x y)) u)";"a -> (((b -> c) -> (d -> b) -> d -> c) -> e) -> f";"  Red. Lambda a -> (((b -> c) -> (d -> b) -> d -> c) -> a -> e) -> e"
"C (C I) C";"C (C I) C";"(\u v w.u w v)";"(a -> b -> c) -> b -> a -> c";""
"C (C I C)";"C (C I C)";"(\u v.v (\w x y.w y x) u)";"a -> (((b -> c -> d) -> c -> b -> d) -> e) -> f";"  Red. Lambda a -> (((b -> c -> d) -> c -> b -> d) -> a -> e) -> e"
"C (C I) W";"C (C I) W";"(\u v.u v v)";"(a -> a -> b) -> a -> b";""
"C (C I W)";"C (C I W)";"(\u v.v (\w x.w x x) u)";"a -> (((b -> b -> c) -> b -> c) -> d) -> e";"  Red. Lambda a -> (((b -> b -> c) -> b -> c) -> a -> d) -> d"
"C (C K) I";"C (C K) I";"(\u v.v)";"a -> b -> b";""
"C C (K I)";"C C (K I)";"(\u v.u v (\w x.x))";"(a -> (b -> c -> c) -> d) -> a -> d";""
"C (C K I)";"C (C K I)";"(\u v.v u)";"a -> (a -> b) -> b";""
"C (C (K I))";"C (C (K I))";"(\u v.v)";"a -> b -> b";""
"C (C K) K";"C (C K) K";"(\u v w.v)";"a -> b -> c -> b";""
"C C (K K)";"C C (K K)";"(\u v.u v (\w x y.x))";"(a -> (b -> c -> d -> c) -> e) -> a -> e";""
"C (C K K)";"C (C K K)";"(\u v.v u)";"a -> (a -> b) -> b";""
"C (C (K K))";"C (C (K K))";"(\u v w.v)";"a -> b -> c -> b";""
"C (C K) B";"C (C K) B";"(\u v w x.v (w x))";"a -> (b -> c) -> (d -> b) -> d -> c";""
"C C (K B)";"C C (K B)";"(\u v.u v (\w x y z.x (y z)))";"(a -> (b -> (c -> d) -> (e -> c) -> e -> d) -> f) -> a -> f";""
"C (C K B)";"C (C K B)";"(\u v.v u)";"a -> (a -> b) -> b";""
"C (C (K B))";"C (C (K B))";"(\u v w x.v (w x))";"a -> (b -> c) -> (d -> b) -> d -> c";""
"C (C K) C";"C (C K) C";"(\u v w x.v x w)";"a -> (b -> c -> d) -> c -> b -> d";""
"C C (K C)";"C C (K C)";"(\u v.u v (\w x y z.x z y))";"(a -> (b -> (c -> d -> e) -> d -> c -> e) -> f) -> a -> f";""
"C (C K C)";"C (C K C)";"(\u v.v u)";"a -> (a -> b) -> b";""
"C (C (K C))";"C (C (K C))";"(\u v w x.v x w)";"a -> (b -> c -> d) -> c -> b -> d";""
"C (C K) W";"C (C K) W";"(\u v w.v w w)";"a -> (b -> b -> c) -> b -> c";""
"C C (K W)";"C C (K W)";"(\u v.u v (\w x y.x y y))";"(a -> (b -> (c -> c -> d) -> c -> d) -> e) -> a -> e";""
"C (C K W)";"C (C K W)";"(\u v.v u)";"a -> (a -> b) -> b";""
"C (C (K W))";"C (C (K W))";"(\u v w.v w w)";"a -> (b -> b -> c) -> b -> c";""
"C (C B) I";"C (C B) I";"(\u v.u v)";"(a -> b) -> a -> b";""
"C C (B I)";"C C (B I)";"(\u v.u v (\w x.w x))";"(a -> ((b -> c) -> b -> c) -> d) -> a -> d";""
"C (C B I)";"C (C B I)";"(\u v.v u)";"a -> (a -> b) -> b";""
"C (C (B I))";"C (C (B I))";"(\u v.u v)";"(a -> b) -> a -> b";""
"C (C B) K";"C (C B) K";"(\u v w.u v)";"(a -> b) -> a -> c -> b";""
"C C (B K)";"C C (B K)";"(\u v.u v (\w x y.w x))";"(a -> ((b -> c) -> b -> d -> c) -> e) -> a -> e";""
"C (C B K)";"C (C B K)";"(\u v.v (\w.u))";"a -> ((b -> a) -> c) -> c";""
"C (C (B K))";"C (C (B K))";"(\u v w.u v)";"(a -> b) -> a -> c -> b";""
"C (C B) B";"C (C B) B";"(\u v w x.u v (w x))";"(a -> b -> c) -> a -> (d -> b) -> d -> c";""
"C C (B B)";"C C (B B)";"(\u v.u v (\w x y z.w x (y z)))";"(a -> ((b -> c -> d) -> b -> (e -> c) -> e -> d) -> f) -> a -> f";""
"C (C B B)";"C (C B B)";"(\u v.v (\w x.u (w x)))";"(a -> b) -> (((c -> a) -> c -> b) -> d) -> d";""
"C (C (B B))";"C (C (B B))";"(\u v w x.u v (w x))";"(a -> b -> c) -> a -> (d -> b) -> d -> c";""
"C (C B) C";"C (C B) C";"(\u v w x.u v x w)";"(a -> b -> c -> d) -> a -> c -> b -> d";""
"C C (B C)";"C C (B C)";"(\u v.u v (\w x y z.w x z y))";"(a -> ((b -> c -> d -> e) -> b -> d -> c -> e) -> f) -> a -> f";""
"C (C B C)";"C (C B C)";"(\u v.v (\w x.u x w))";"(a -> b -> c) -> ((b -> a -> c) -> d) -> d";""
"C (C (B C))";"C (C (B C))";"(\u v w x.u v x w)";"(a -> b -> c -> d) -> a -> c -> b -> d";""
"C (C B) W";"C (C B) W";"(\u v w.u v w w)";"(a -> b -> b -> c) -> a -> b -> c";""
"C C (B W)";"C C (B W)";"(\u v.u v (\w x y.w x y y))";"(a -> ((b -> c -> c -> d) -> b -> c -> d) -> e) -> a -> e";""
"C (C B W)";"C (C B W)";"(\u v.v (\w.u w w))";"(a -> a -> b) -> ((a -> b) -> c) -> c";""
"C (C (B W))";"C (C (B W))";"(\u v w.u v w w)";"(a -> b -> b -> c) -> a -> b -> c";""
"C (C C) I";"C (C C) I";"(\u v.v u)";"a -> (a -> b) -> b";""
"C C (C I)";"C C (C I)";"(\u v.u v (\w x.x w))";"(a -> (b -> (b -> c) -> c) -> d) -> a -> d";""
"C (C C I)";"C (C C I)";"(\u v.v u (\w.w))";"a -> (a -> (b -> b) -> c) -> c";""
"C (C (C I))";"C (C (C I))";"(\u v.v u)";"a -> (a -> b) -> b";""
"C (C C) K";"C (C C) K";"(\u v.v)";"a -> b -> b";""
"C C (C K)";"C C (C K)";"(\u v.u v (\w x.x))";"(a -> (b -> c -> c) -> d) -> a -> d";""
"C (C C K)";"C (C C K)";"(\u v.v u (\w x.w))";"a -> (a -> (b -> c -> b) -> d) -> d";""
"C (C (C K))";"C (C (C K))";"(\u v.v)";"a -> b -> b";""
"C (C C) B";"C (C C) B";"(\u v w.v (u w))";"(a -> b) -> (b -> c) -> a -> c";""
"C C (C B)";"C C (C B)";"(\u v.u v (\w x y.x (w y)))";"(a -> ((b -> c) -> (c -> d) -> b -> d) -> e) -> a -> e";""
"C (C C B)";"C (C C B)";"(\u v.v u (\w x y.w (x y)))";"a -> (a -> ((b -> c) -> (d -> b) -> d -> c) -> e) -> e";""
"C (C (C B))";"C (C (C B))";"(\u v w.v (u w))";"(a -> b) -> (b -> c) -> a -> c";""
"C (C C) C";"C (C C) C";"(\u v w.v w u)";"a -> (b -> a -> c) -> b -> c";""
"C C (C C)";"C C (C C)";"(\u v.u v (\w x y.x y w))";"(a -> (b -> (c -> b -> d) -> c -> d) -> e) -> a -> e";""
"C (C C C)";"C (C C C)";"(\u v.v u (\w x y.w y x))";"a -> (a -> ((b -> c -> d) -> c -> b -> d) -> e) -> e";""
"C (C (C C))";"C (C (C C))";"(\u v w.v w u)";"a -> (b -> a -> c) -> b -> c";""
"C (C C) W";"C (C C) W";"(\u v.v u u)";"a -> (a -> a -> b) -> b";""
"C C (C W)";"C C (C W)";"(\u v.u v (\w x.x w w))";"(a -> (b -> (b -> b -> c) -> c) -> d) -> a -> d";""
"C (C C W)";"C (C C W)";"(\u v.v u (\w x.w x x))";"a -> (a -> ((b -> b -> c) -> b -> c) -> d) -> d";""
"C (C (C W))";"C (C (C W))";"(\u v.v u u)";"a -> (a -> a -> b) -> b";""
"C (C W) I";"C (C W) I";"(\u.u u)";"Nothing";""
"C C (W I)";"C C (W I)";"(\u v.u v (\w.w w))";"Nothing";""
"C (C W I)";"C (C W I)";"(\u v.v (\w.w) (\w.w) u)";"a -> ((b -> b) -> (b -> b) -> c) -> d";"  Red. Lambda a -> ((b -> b) -> (c -> c) -> a -> d) -> d"
"C (C (W I))";"C (C (W I))";"(\u v.u u v)";"Nothing";""
"C (C W) K";"C (C W) K";"(\u.u)";"a -> a";""
"C C (W K)";"C C (W K)";"(\u v.u v (\w.w))";"(a -> (b -> b) -> c) -> a -> c";""
"C (C W K)";"C (C W K)";"(\u v.v (\w x.w) (\w x.w) u)";"a -> ((b -> c -> b) -> (b -> c -> b) -> d) -> e";"  Red. Lambda a -> ((b -> c -> b) -> (d -> e -> d) -> a -> f) -> f"
"C (C (W K))";"C (C (W K))";"(\u v.u v)";"(a -> b) -> a -> b";""
"C (C W) B";"C (C W) B";"(\u v.u (u v))";"(a -> b) -> c -> c";"  Red. Lambda (a -> a) -> a -> a"
"C C (W B)";"C C (W B)";"(\u v.u v (\w x.w (w x)))";"(a -> ((b -> c) -> d -> d) -> e) -> a -> e";"  Red. Lambda (a -> ((b -> b) -> b -> b) -> c) -> a -> c"
"C (C W B)";"C (C W B)";"(\u v.v (\w x y.w (x y)) (\w x y.w (x y)) u)";"a
->
(((b -> c) -> (d -> b) -> d -> c)
 ->
 ((b -> c) -> (d -> b) -> d -> c) -> e)
->
f";"  Red. Lambda a
->
(((b -> c) -> (d -> b) -> d -> c)
 ->
 ((e -> f) -> (g -> e) -> g -> f) -> a -> a1)
->
a1"
"C (C (W B))";"C (C (W B))";"(\u v.u (u v))";"(a -> b) -> c -> c";"  Red. Lambda (a -> a) -> a -> a"
"C (C W) C";"C (C W) C";"(\u v.u v u)";"Nothing";""
"C C (W C)";"C C (W C)";"(\u v.u v (\w x.w x w))";"Nothing";""
"C (C W C)";"C (C W C)";"(\u v.v (\w x y.w y x) (\w x y.w y x) u)";"a
->
(((b -> c -> d) -> c -> b -> d)
 ->
 ((b -> c -> d) -> c -> b -> d) -> e)
->
f";"  Red. Lambda a
->
(((b -> c -> d) -> c -> b -> d)
 ->
 ((e -> f -> g) -> f -> e -> g) -> a -> a1)
->
a1"
"C (C (W C))";"C (C (W C))";"(\u v.u v u)";"Nothing";""
"C (C W) W";"C (C W) W";"(\u.u u u)";"Nothing";""
"C C (W W)";"C C (W W)";"(\u v.u v (\w.w w w))";"Nothing";""
"C (C W W)";"C (C W W)";"(\u v.v (\w x.w x x) (\w x.w x x) u)";"a
->
(((b -> b -> c) -> b -> c) -> ((b -> b -> c) -> b -> c) -> d) -> e";"  Red. Lambda a
->
(((b -> b -> c) -> b -> c) -> ((d -> d -> e) -> d -> e) -> a -> f)
->
f"
"C (C (W W))";"C (C (W W))";"(\u v.u u u v)";"Nothing";""
"C (W I) I";"C (W I) I";"(\u.u u (\v.v))";"Nothing";""
"C (W I) K";"C (W I) K";"(\u.u u (\v w.v))";"Nothing";""
"C (W I) B";"C (W I) B";"(\u.u u (\v w x.v (w x)))";"Nothing";""
"C (W I) C";"C (W I) C";"(\u.u u (\v w x.v x w))";"Nothing";""
"C (W I) W";"C (W I) W";"(\u.u u (\v w.v w w))";"Nothing";""
"C (W K) I";"C (W K) I";"(\u.u (\v.v))";"((a -> a) -> b) -> b";""
"C W (K I)";"C W (K I)";"(\u.u (\v w.w) (\v w.w))";"((a -> b -> b) -> (a -> b -> b) -> c) -> c";"  Red. Lambda ((a -> b -> b) -> (c -> d -> d) -> e) -> e"
"C (W (K I))";"C (W (K I))";"(\u v.v u)";"a -> (a -> b) -> b";""
"C (W K) K";"C (W K) K";"(\u.u (\v w.v))";"((a -> b -> a) -> c) -> c";""
"C W (K K)";"C W (K K)";"(\u.u (\v w x.w) (\v w x.w))";"((a -> b -> c -> b) -> (a -> b -> c -> b) -> d) -> d";"  Red. Lambda ((a -> b -> c -> b) -> (d -> e -> f -> e) -> g) -> g"
"C (W (K K))";"C (W (K K))";"(\u v.v)";"a -> b -> b";""
"C (W K) B";"C (W K) B";"(\u.u (\v w x.v (w x)))";"(((a -> b) -> (c -> a) -> c -> b) -> d) -> d";""
"C W (K B)";"C W (K B)";"(\u.u (\v w x y.w (x y)) (\v w x y.w (x y)))";"((a -> (b -> c) -> (d -> b) -> d -> c)
 ->
 (a -> (b -> c) -> (d -> b) -> d -> c) -> e)
->
e";"  Red. Lambda ((a -> (b -> c) -> (d -> b) -> d -> c)
 ->
 (e -> (f -> g) -> (a1 -> f) -> a1 -> g) -> b1)
->
b1"
"C (W (K B))";"C (W (K B))";"(\u v w.v (u w))";"(a -> b) -> (b -> c) -> a -> c";""
"C (W K) C";"C (W K) C";"(\u.u (\v w x.v x w))";"(((a -> b -> c) -> b -> a -> c) -> d) -> d";""
"C W (K C)";"C W (K C)";"(\u.u (\v w x y.w y x) (\v w x y.w y x))";"((a -> (b -> c -> d) -> c -> b -> d)
 ->
 (a -> (b -> c -> d) -> c -> b -> d) -> e)
->
e";"  Red. Lambda ((a -> (b -> c -> d) -> c -> b -> d)
 ->
 (e -> (f -> g -> a1) -> g -> f -> a1) -> b1)
->
b1"
"C (W (K C))";"C (W (K C))";"(\u v w.v w u)";"a -> (b -> a -> c) -> b -> c";""
"C (W K) W";"C (W K) W";"(\u.u (\v w.v w w))";"(((a -> a -> b) -> a -> b) -> c) -> c";""
"C W (K W)";"C W (K W)";"(\u.u (\v w x.w x x) (\v w x.w x x))";"((a -> (b -> b -> c) -> b -> c)
 ->
 (a -> (b -> b -> c) -> b -> c) -> d)
->
d";"  Red. Lambda ((a -> (b -> b -> c) -> b -> c)
 ->
 (d -> (e -> e -> f) -> e -> f) -> g)
->
g"
"C (W (K W))";"C (W (K W))";"(\u v.v u u)";"a -> (a -> a -> b) -> b";""
"C (W B) I";"C (W B) I";"(\u.u (u (\v.v)))";"(a -> b) -> c -> c";"  Red. Lambda ((a -> a) -> a -> a) -> a -> a"
"C W (B I)";"C W (B I)";"(\u.u (\v w.v w) (\v w.v w))";"(((a -> b) -> a -> b) -> ((a -> b) -> a -> b) -> c) -> c";"  Red. Lambda (((a -> b) -> a -> b) -> ((c -> d) -> c -> d) -> e) -> e"
"C (W (B I))";"C (W (B I))";"(\u v.v v u)";"Nothing";""
"C (W B) K";"C (W B) K";"(\u.u (u (\v w.v)))";"(a -> b) -> c -> d -> c";"  Red. Lambda ((a -> b -> a) -> a -> b -> a) -> a -> b -> a"
"C W (B K)";"C W (B K)";"(\u.u (\v w x.v w) (\v w x.v w))";"(((a -> b) -> a -> c -> b) -> ((a -> b) -> a -> c -> b) -> d) -> d";"  Red. Lambda (((a -> b) -> a -> c -> b) -> ((d -> e) -> d -> f -> e) -> g) -> g"
"C (W (B K))";"C (W (B K))";"(\u v.v v)";"Nothing";""
"C (W B) B";"C (W B) B";"(\u.u (u (\v w x.v (w x))))";"(a -> b) -> (c -> d) -> (e -> c) -> e -> d";"  Red. Lambda (((a -> b) -> (c -> a) -> c -> b)
 ->
 (a -> b) -> (c -> a) -> c -> b)
->
(a -> b) -> (c -> a) -> c -> b"
"C W (B B)";"C W (B B)";"(\u.u (\v w x y.v w (x y)) (\v w x y.v w (x y)))";"(((a -> b -> c) -> a -> (d -> b) -> d -> c)
 ->
 ((a -> b -> c) -> a -> (d -> b) -> d -> c) -> e)
->
e";"  Red. Lambda (((a -> b -> c) -> a -> (d -> b) -> d -> c)
 ->
 ((e -> f -> g) -> e -> (a1 -> f) -> a1 -> g) -> b1)
->
b1"
"C (W (B B))";"C (W (B B))";"(\u v w.v v (u w))";"Nothing";""
"C (W B) C";"C (W B) C";"(\u.u (u (\v w x.v x w)))";"(a -> b) -> (c -> d -> e) -> d -> c -> e";"  Red. Lambda (((a -> b -> c) -> b -> a -> c) -> (a -> b -> c) -> b -> a -> c)
->
(a -> b -> c) -> b -> a -> c"
"C W (B C)";"C W (B C)";"(\u.u (\v w x y.v w y x) (\v w x y.v w y x))";"(((a -> b -> c -> d) -> a -> c -> b -> d)
 ->
 ((a -> b -> c -> d) -> a -> c -> b -> d) -> e)
->
e";"  Red. Lambda (((a -> b -> c -> d) -> a -> c -> b -> d)
 ->
 ((e -> f -> g -> a1) -> e -> g -> f -> a1) -> b1)
->
b1"
"C (W (B C))";"C (W (B C))";"(\u v w.v v w u)";"Nothing";""
"C (W B) W";"C (W B) W";"(\u.u (u (\v w.v w w)))";"(a -> b) -> (c -> c -> d) -> c -> d";"  Red. Lambda (((a -> a -> b) -> a -> b) -> (a -> a -> b) -> a -> b)
->
(a -> a -> b) -> a -> b"
"C W (B W)";"C W (B W)";"(\u.u (\v w x.v w x x) (\v w x.v w x x))";"(((a -> b -> b -> c) -> a -> b -> c)
 ->
 ((a -> b -> b -> c) -> a -> b -> c) -> d)
->
d";"  Red. Lambda (((a -> b -> b -> c) -> a -> b -> c)
 ->
 ((d -> e -> e -> f) -> d -> e -> f) -> g)
->
g"
"C (W (B W))";"C (W (B W))";"(\u v.v v u u)";"Nothing";""
"C (W C) I";"C (W C) I";"(\u.u (\v.v) u)";"Nothing";""
"C W (C I)";"C W (C I)";"(\u.u (\v w.w v) (\v w.w v))";"((a -> (a -> b) -> b) -> (a -> (a -> b) -> b) -> c) -> c";"  Red. Lambda ((a -> (a -> b) -> b) -> (c -> (c -> d) -> d) -> e) -> e"
"C (W (C I))";"C (W (C I))";"(\u v.v v u)";"Nothing";""
"C (W C) K";"C (W C) K";"(\u.u (\v w.v) u)";"Nothing";""
"C W (C K)";"C W (C K)";"(\u.u (\v w.w) (\v w.w))";"((a -> b -> b) -> (a -> b -> b) -> c) -> c";"  Red. Lambda ((a -> b -> b) -> (c -> d -> d) -> e) -> e"
"C (W (C K))";"C (W (C K))";"(\u v.v u)";"a -> (a -> b) -> b";""
"C (W C) B";"C (W C) B";"(\u.u (\v w x.v (w x)) u)";"Nothing";""
"C W (C B)";"C W (C B)";"(\u.u (\v w x.w (v x)) (\v w x.w (v x)))";"(((a -> b) -> (b -> c) -> a -> c)
 ->
 ((a -> b) -> (b -> c) -> a -> c) -> d)
->
d";"  Red. Lambda (((a -> b) -> (b -> c) -> a -> c)
 ->
 ((d -> e) -> (e -> f) -> d -> f) -> g)
->
g"
"C (W (C B))";"C (W (C B))";"(\u v.v (v u))";"a -> (b -> c) -> a";"  Red. Lambda a -> (a -> a) -> a"
"C (W C) C";"C (W C) C";"(\u.u (\v w x.v x w) u)";"Nothing";""
"C W (C C)";"C W (C C)";"(\u.u (\v w x.w x v) (\v w x.w x v))";"((a -> (b -> a -> c) -> b -> c)
 ->
 (a -> (b -> a -> c) -> b -> c) -> d)
->
d";"  Red. Lambda ((a -> (b -> a -> c) -> b -> c)
 ->
 (d -> (e -> d -> f) -> e -> f) -> g)
->
g"
"C (W (C C))";"C (W (C C))";"(\u v.v u v)";"Nothing";""
"C (W C) W";"C (W C) W";"(\u.u (\v w.v w w) u)";"Nothing";""
"C W (C W)";"C W (C W)";"(\u.u (\v w.w v v) (\v w.w v v))";"((a -> (a -> a -> b) -> b) -> (a -> (a -> a -> b) -> b) -> c) -> c";"  Red. Lambda ((a -> (a -> a -> b) -> b) -> (c -> (c -> c -> d) -> d) -> e) -> e"
"C (W (C W))";"C (W (C W))";"(\u v.v v v u)";"Nothing";""
"C (W W) I";"C (W W) I";"(\u.u u u (\v.v))";"Nothing";""
"C W (W I)";"C W (W I)";"(\u.u (\v.v v) (\v.v v))";"Nothing";""
"C (W (W I))";"C (W (W I))";"(\u v.v v v u)";"Nothing";""
"C (W W) K";"C (W W) K";"(\u.u u u (\v w.v))";"Nothing";""
"C W (W K)";"C W (W K)";"(\u.u (\v.v) (\v.v))";"((a -> a) -> (a -> a) -> b) -> b";"  Red. Lambda ((a -> a) -> (b -> b) -> c) -> c"
"C (W (W K))";"C (W (W K))";"(\u v.v v u)";"Nothing";""
"C (W W) B";"C (W W) B";"(\u.u u u (\v w x.v (w x)))";"Nothing";""
"C W (W B)";"C W (W B)";"(\u.u (\v w.v (v w)) (\v w.v (v w)))";"(((a -> b) -> c -> c) -> ((a -> b) -> c -> c) -> d) -> d";"  Red. Lambda (((a -> a) -> a -> a) -> ((b -> b) -> b -> b) -> c) -> c"
"C (W (W B))";"C (W (W B))";"(\u v.v (v v) u)";"a -> (a -> b) -> b";"  Red. Lambda Nothing"
"C (W W) C";"C (W W) C";"(\u.u u u (\v w x.v x w))";"Nothing";""
"C W (W C)";"C W (W C)";"(\u.u (\v w.v w v) (\v w.v w v))";"Nothing";""
"C (W (W C))";"C (W (W C))";"(\u v.v v v u)";"Nothing";""
"C W W W";"";"";"Nothing";"Reduce failed"
"C (W W) W";"C (W W) W";"(\u.u u u (\v w.v w w))";"Nothing";""
"C W (W W)";"C W (W W)";"(\u.u (\v.v v v) (\v.v v v))";"Nothing";""
"C (W W W)";"";"";"Nothing";"Reduce failed"
"C (W (W W))";"C (W (W W))";"(\u v.v v v v u)";"Nothing";""
"W I (W I)";"";"";"Nothing";"Reduce failed"
"W I W W";"";"";"Nothing";"Reduce failed"
"W (I W) W";"";"";"Nothing";"Reduce failed"
"W I (W W)";"";"";"Nothing";"Reduce failed"
"W (K (K I))";"W (K (K I))";"(\u v.v)";"a -> b -> b";""
"W (K (K K))";"W (K (K K))";"(\u v w.v)";"a -> b -> c -> b";""
"W (K (K B))";"W (K (K B))";"(\u v w x.v (w x))";"a -> (b -> c) -> (d -> b) -> d -> c";""
"W (K (K C))";"W (K (K C))";"(\u v w x.v x w)";"a -> (b -> c -> d) -> c -> b -> d";""
"W (K (K W))";"W (K (K W))";"(\u v w.v w w)";"a -> (b -> b -> c) -> b -> c";""
"W (K (B I))";"W (K (B I))";"(\u v.u v)";"(a -> b) -> a -> b";""
"W (K (B K))";"W (K (B K))";"(\u v w.u v)";"(a -> b) -> a -> c -> b";""
"W (K (B B))";"W (K (B B))";"(\u v w x.u v (w x))";"(a -> b -> c) -> a -> (d -> b) -> d -> c";""
"W (K (B C))";"W (K (B C))";"(\u v w x.u v x w)";"(a -> b -> c -> d) -> a -> c -> b -> d";""
"W (K (B W))";"W (K (B W))";"(\u v w.u v w w)";"(a -> b -> b -> c) -> a -> b -> c";""
"W (K (C I))";"W (K (C I))";"(\u v.v u)";"a -> (a -> b) -> b";""
"W (K (C K))";"W (K (C K))";"(\u v.v)";"a -> b -> b";""
"W (K (C B))";"W (K (C B))";"(\u v w.v (u w))";"(a -> b) -> (b -> c) -> a -> c";""
"W (K (C C))";"W (K (C C))";"(\u v w.v w u)";"a -> (b -> a -> c) -> b -> c";""
"W (K (C W))";"W (K (C W))";"(\u v.v u u)";"a -> (a -> a -> b) -> b";""
"W (K (W I))";"W (K (W I))";"(\u.u u)";"Nothing";""
"W (K (W K))";"W (K (W K))";"(\u.u)";"a -> a";""
"W (K (W B))";"W (K (W B))";"(\u v.u (u v))";"(a -> b) -> c -> c";"  Red. Lambda (a -> a) -> a -> a"
"W (K (W C))";"W (K (W C))";"(\u v.u v u)";"Nothing";""
"W (K (W W))";"W (K (W W))";"(\u.u u u)";"Nothing";""
"W (B I I)";"W (B I I)";"(\u.u u)";"Nothing";""
"W (B I K)";"W (B I K)";"(\u.u)";"a -> a";""
"W (B I B)";"W (B I B)";"(\u v.u (u v))";"(a -> b) -> c -> c";"  Red. Lambda (a -> a) -> a -> a"
"W (B I C)";"W (B I C)";"(\u v.u v u)";"Nothing";""
"W (B I W)";"W (B I W)";"(\u.u u u)";"Nothing";""
"W (B K I)";"W (B K I)";"(\u.u)";"a -> a";""
"W (B (K I))";"W (B (K I))";"(\u v.v)";"Nothing";"  Red. Lambda a -> b -> b"
"W (B K K)";"W (B K K)";"(\u v.u)";"a -> b -> a";""
"W (B (K K))";"W (B (K K))";"(\u v w.v)";"Nothing";"  Red. Lambda a -> b -> c -> b"
"W (B K B)";"W (B K B)";"(\u v w.u (v w))";"(a -> b) -> (c -> a) -> c -> b";""
"W (B (K B))";"W (B (K B))";"(\u v w x.v (w x))";"Nothing";"  Red. Lambda a -> (b -> c) -> (d -> b) -> d -> c"
"W (B K C)";"W (B K C)";"(\u v w.u w v)";"(a -> b -> c) -> b -> a -> c";""
"W (B (K C))";"W (B (K C))";"(\u v w x.v x w)";"Nothing";"  Red. Lambda a -> (b -> c -> d) -> c -> b -> d"
"W (B K W)";"W (B K W)";"(\u v.u v v)";"(a -> a -> b) -> a -> b";""
"W (B (K W))";"W (B (K W))";"(\u v w.v w w)";"Nothing";"  Red. Lambda a -> (b -> b -> c) -> b -> c"
"W (B B I)";"W (B B I)";"(\u v.u (u v))";"(a -> b) -> c -> c";"  Red. Lambda (a -> a) -> a -> a"
"W (B (B I))";"W (B (B I))";"(\u v.u u v)";"Nothing";""
"W (B B K)";"W (B B K)";"(\u v.u)";"(a -> b) -> a -> a -> b";"  Red. Lambda a -> b -> a"
"W (B (B K))";"W (B (B K))";"(\u v w.u u v)";"Nothing";""
"W (B B B)";"W (B B B)";"(\u v w.u (u v w))";"(a -> b) -> c -> d -> d -> c";"  Red. Lambda (a -> b -> a) -> a -> b -> b -> a"
"W (B (B B))";"W (B (B B))";"(\u v w x.u u v (w x))";"Nothing";""
"W (B B C)";"W (B B C)";"(\u v w.u w (u v))";"Nothing";""
"W (B (B C))";"W (B (B C))";"(\u v w x.u u v x w)";"Nothing";""
"W (B B W)";"W (B B W)";"(\u v.u (u v) (u v))";"Nothing";""
"W (B (B W))";"W (B (B W))";"(\u v w.u u v w w)";"Nothing";""
"W (B C I)";"W (B C I)";"(\u v.u v u)";"Nothing";""
"W (B (C I))";"W (B (C I))";"(\u v.v (u u))";"Nothing";""
"W (B C K)";"W (B C K)";"(\u v.u u)";"Nothing";""
"W (B (C K))";"W (B (C K))";"(\u v.v)";"Nothing";"  Red. Lambda a -> b -> b"
"W (B C B)";"W (B C B)";"(\u v.u (v u))";"(a -> b) -> ((a -> b) -> a) -> b";""
"W (B (C B))";"W (B (C B))";"(\u v w.v (u u w))";"Nothing";""
"W (B C C)";"W (B C C)";"(\u v.u u v)";"Nothing";""
"W (B (C C))";"W (B (C C))";"(\u v w.v w (u u))";"Nothing";""
"W (B C W)";"W (B C W)";"(\u v.u v v u)";"(a -> a -> b) -> a -> c";"  Red. Lambda Nothing"
"W (B (C W))";"W (B (C W))";"(\u v.v (u u) (u u))";"Nothing";""
"W (B W I)";"W (B W I)";"(\u.u u u)";"Nothing";""
"W (B (W I))";"W (B (W I))";"(\u.u u (u u))";"Nothing";""
"W (B W K)";"W (B W K)";"(\u.u u)";"Nothing";""
"W (B (W K))";"W (B (W K))";"(\u.u u)";"Nothing";""
"W (B W B)";"W (B W B)";"(\u.u (u u))";"Nothing";""
"W (B (W B))";"W (B (W B))";"(\u v.u u (u u v))";"Nothing";""
"W (B W C)";"W (B W C)";"(\u.u u u)";"Nothing";""
"W (B (W C))";"W (B (W C))";"(\u v.u u v (u u))";"Nothing";""
"W (B W W)";"W (B W W)";"(\u.u u u u)";"Nothing";""
"W (B (W W))";"W (B (W W))";"(\u.u u (u u) (u u))";"Nothing";""
"W (C I I)";"W (C I I)";"(\u.u (\v.v) u)";"Nothing";""
"W (C I K)";"W (C I K)";"(\u.u (\v w.v) u)";"Nothing";""
"W (C I B)";"W (C I B)";"(\u.u (\v w x.v (w x)) u)";"Nothing";""
"W (C I C)";"W (C I C)";"(\u.u (\v w x.v x w) u)";"Nothing";""
"W (C I W)";"W (C I W)";"(\u.u (\v w.v w w) u)";"Nothing";""
"W (C K I)";"W (C K I)";"(\u.u u)";"Nothing";""
"W (C (K I))";"W (C (K I))";"(\u.u)";"a -> a";""
"W (C K K)";"W (C K K)";"(\u.u u)";"Nothing";""
"W (C (K K))";"W (C (K K))";"(\u v.u)";"a -> b -> a";""
"W (C K B)";"W (C K B)";"(\u.u u)";"Nothing";""
"W (C (K B))";"W (C (K B))";"(\u v w.u (v w))";"(a -> b) -> (c -> a) -> c -> b";""
"W (C K C)";"W (C K C)";"(\u.u u)";"Nothing";""
"W (C (K C))";"W (C (K C))";"(\u v w.u w v)";"(a -> b -> c) -> b -> a -> c";""
"W (C K W)";"W (C K W)";"(\u.u u)";"Nothing";""
"W (C (K W))";"W (C (K W))";"(\u v.u v v)";"(a -> a -> b) -> a -> b";""
"W (C B I)";"W (C B I)";"(\u.u u)";"Nothing";""
"W (C (B I))";"W (C (B I))";"(\u.u u)";"Nothing";""
"W (C B K)";"W (C B K)";"(\u.u (\v.u))";"Nothing";""
"W (C (B K))";"W (C (B K))";"(\u v.u u)";"Nothing";""
"W (C B B)";"W (C B B)";"(\u.u (\v w.u (v w)))";"Nothing";""
"W (C (B B))";"W (C (B B))";"(\u v w.u u (v w))";"Nothing";""
"W (C B C)";"W (C B C)";"(\u.u (\v w.u w v))";"Nothing";""
"W (C (B C))";"W (C (B C))";"(\u v w.u u w v)";"Nothing";""
"W (C B W)";"W (C B W)";"(\u.u (\v.u v v))";"Nothing";""
"W (C (B W))";"W (C (B W))";"(\u v.u u v v)";"Nothing";""
"W (C C I)";"W (C C I)";"(\u.u u (\v.v))";"Nothing";""
"W (C (C I))";"W (C (C I))";"(\u.u u)";"Nothing";""
"W (C C K)";"W (C C K)";"(\u.u u (\v w.v))";"Nothing";""
"W (C (C K))";"W (C (C K))";"(\u.u)";"a -> a";""
"W (C C B)";"W (C C B)";"(\u.u u (\v w x.v (w x)))";"Nothing";""
"W (C (C B))";"W (C (C B))";"(\u v.u (u v))";"(a -> b) -> c -> c";"  Red. Lambda (a -> a) -> a -> a"
"W (C C C)";"W (C C C)";"(\u.u u (\v w x.v x w))";"Nothing";""
"W (C (C C))";"W (C (C C))";"(\u v.u v u)";"Nothing";""
"W (C C W)";"W (C C W)";"(\u.u u (\v w.v w w))";"Nothing";""
"W (C (C W))";"W (C (C W))";"(\u.u u u)";"Nothing";""
"W (C W I)";"W (C W I)";"(\u.u (\v.v) (\v.v) u)";"Nothing";""
"W (C (W I))";"W (C (W I))";"(\u.u u u)";"Nothing";""
"W (C W K)";"W (C W K)";"(\u.u (\v w.v) (\v w.v) u)";"Nothing";""
"W (C (W K))";"W (C (W K))";"(\u.u u)";"Nothing";""
"W (C W B)";"W (C W B)";"(\u.u (\v w x.v (w x)) (\v w x.v (w x)) u)";"Nothing";""
"W (C (W B))";"W (C (W B))";"(\u.u (u u))";"(a -> b) -> a -> b";"  Red. Lambda Nothing"
"W (C W C)";"W (C W C)";"(\u.u (\v w x.v x w) (\v w x.v x w) u)";"Nothing";""
"W (C (W C))";"W (C (W C))";"(\u.u u u)";"Nothing";""
"W C W W";"";"";"Nothing";"Reduce failed"
"W (C W) W";"";"";"Nothing";"Reduce failed"
"W (C W W)";"W (C W W)";"(\u.u (\v w.v w w) (\v w.v w w) u)";"Nothing";""
"W (C (W W))";"W (C (W W))";"(\u.u u u u)";"Nothing";""
"W (W I) W";"";"";"Nothing";"Reduce failed"
"W W (I W)";"";"";"Nothing";"Reduce failed"
"W (W (K I))";"W (W (K I))";"(\u.u u)";"Nothing";""
"W (W (K K))";"W (W (K K))";"(\u.u)";"a -> a";""
"W (W (K B))";"W (W (K B))";"(\u v.u (u v))";"(a -> b) -> c -> c";"  Red. Lambda (a -> a) -> a -> a"
"W (W (K C))";"W (W (K C))";"(\u v.u v u)";"Nothing";""
"W (W (K W))";"W (W (K W))";"(\u.u u u)";"Nothing";""
"W (W (B I))";"W (W (B I))";"(\u.u u u)";"Nothing";""
"W (W (B K))";"W (W (B K))";"(\u.u u)";"Nothing";""
"W (W (B B))";"W (W (B B))";"(\u v.u u (u v))";"Nothing";""
"W (W (B C))";"W (W (B C))";"(\u v.u u v u)";"Nothing";""
"W (W (B W))";"W (W (B W))";"(\u.u u u u)";"Nothing";""
"W (W (C I))";"W (W (C I))";"(\u.u u u)";"Nothing";""
"W (W (C K))";"W (W (C K))";"(\u.u u)";"Nothing";""
"W (W (C B))";"W (W (C B))";"(\u.u (u u))";"(a -> b) -> a -> b";"  Red. Lambda Nothing"
"W (W (C C))";"W (W (C C))";"(\u.u u u)";"Nothing";""
"W (W C) W";"";"";"Nothing";"Reduce failed"
"W W (C W)";"";"";"Nothing";"Reduce failed"
"W (W (C W))";"W (W (C W))";"(\u.u u u u)";"Nothing";""
"W W W I";"";"";"Nothing";"Reduce failed"
"W W (W I)";"";"";"Nothing";"Reduce failed"
"W (W (W I))";"W (W (W I))";"(\u.u u u u)";"Nothing";""
"W W W K";"";"";"Nothing";"Reduce failed"
"W (W (W K))";"W (W (W K))";"(\u.u u u)";"Nothing";""
"W W W B";"";"";"Nothing";"Reduce failed"
"W (W (W B))";"W (W (W B))";"(\u.u (u u) u)";"Nothing";""
"W W W C";"";"";"Nothing";"Reduce failed"
"W W (W C)";"";"";"Nothing";"Reduce failed"
"W (W (W C))";"W (W (W C))";"(\u.u u u u)";"Nothing";""
"W W W W";"";"";"Nothing";"Reduce failed"
"W (W W) W";"";"";"Nothing";"Reduce failed"
"W W (W W)";"";"";"Nothing";"Reduce failed"
"W (W W W)";"";"";"Nothing";"Reduce failed"
"W (W (W W))";"W (W (W W))";"(\u.u u u u u)";"Nothing";""
"I I W W W";"";"";"Nothing";"Reduce failed"
"I (I W) W W";"";"";"Nothing";"Reduce failed"
"I I (W W) W";"";"";"Nothing";"Reduce failed"
"I (I W W) W";"";"";"Nothing";"Reduce failed"
"I (I (W W)) W";"";"";"Nothing";"Reduce failed"
"I I (W W W)";"";"";"Nothing";"Reduce failed"
"I (I W W W)";"";"";"Nothing";"Reduce failed"
"I (I (W W) W)";"";"";"Nothing";"Reduce failed"
"I (I (W W W))";"";"";"Nothing";"Reduce failed"
"I K (W W W)";"";"";"Nothing";"Reduce failed"
"I (K (W W W))";"";"";"Nothing";"Reduce failed"
"I B (W W W)";"";"";"Nothing";"Reduce failed"
"I (B (W W W))";"";"";"Nothing";"Reduce failed"
